10.0,0.0,107.0
12.0,4.305555555555557,138.0
13.0,4.444444444444443,154.0
14.0,4.722222222222221,171.0
15.0,4.444444444444443,187.0
16.0,4.722222222222221,204.0
18.0,4.722222222222225,238.0
19.0,5.2777777777777715,257.0
22.0,5.0,311.0
23.0,5.277777777777786,330.0
24.0,4.999999999999986,348.0
27.0,5.555555555555557,408.0
28.0,5.833333333333329,429.0
29.0,5.555555555555557,449.0
30.0,5.555555555555557,469.0
32.0,5.9722222222222285,512.0
33.0,6.111111111111114,534.0
34.0,6.111111111111086,556.0
35.0,6.666666666666686,580.0
36.0,6.388888888888886,603.0
37.0,6.666666666666657,627.0
38.0,6.666666666666686,651.0
39.0,6.388888888888886,674.0
40.0,-10.0,638.0
42.0,15.277777777777771,748.0
43.0,6.111111111111114,770.0
44.0,5.0,788.0
45.0,4.166666666666657,803.0
46.0,3.6111111111111143,816.0
47.0,3.6111111111111143,829.0
48.0,3.6111111111111143,842.0
50.0,3.6111111111111143,868.0
51.0,3.6111111111111143,881.0
52.0,-12.7777777777778,835.0
53.0,20.55555555555557,909.0
54.0,4.166666666666686,924.0
55.0,4.166666666666629,939.0
56.0,4.7222222222222285,956.0
57.0,4.444444444444457,972.0
58.0,5.833333333333314,993.0
59.0,7.2222222222222285,1019.0
60.0,8.333333333333314,1049.0
61.0,8.888888888888914,1081.0
62.0,8.888888888888914,1113.0
63.0,9.166666666666629,1146.0
64.0,10.0,1182.0
65.0,9.444444444444457,1216.0
66.0,9.444444444444457,1250.0
67.0,9.722222222222229,1285.0
68.0,10.555555555555543,1323.0
69.0,10.277777777777771,1360.0
70.0,10.277777777777771,1397.0
71.0,10.277777777777771,1434.0
72.0,10.555555555555543,1472.0
73.0,10.5555555555556,1510.0
74.0,11.111111111111086,1550.0
75.0,11.944444444444457,1593.0
76.0,11.388888888888857,1634.0
77.0,11.666666666666686,1676.0
78.0,11.111111111111086,1716.0
79.0,12.222222222222229,1760.0
80.0,11.944444444444457,1803.0
82.0,12.500000000000028,1893.0
83.0,12.777777777777715,1939.0
84.0,13.333333333333371,1987.0
85.0,13.333333333333258,2035.0
86.0,13.888888888888914,2085.0
87.0,13.888888888888914,2135.0
88.0,14.166666666666629,2186.0
89.0,14.444444444444457,2238.0
90.0,15.555555555555543,2294.0
91.0,15.277777777777828,2349.0
92.0,15.277777777777715,2404.0
93.0,15.833333333333371,2461.0
94.0,16.66666666666663,2521.0
95.0,16.388888888888914,2580.0
96.0,16.666666666666742,2640.0
97.0,16.944444444444343,2701.0
98.0,16.944444444444457,2762.0
99.0,16.944444444444457,2823.0
100.0,17.77777777777783,2887.0
101.0,17.777777777777715,2951.0
102.0,18.055555555555543,3016.0
103.0,18.888888888888914,3084.0
104.0,18.33333333333337,3150.0
105.0,18.611111111111086,3217.0
106.0,18.888888888888914,3285.0
107.0,19.72222222222217,3356.0
108.0,20.27777777777783,3429.0
109.0,20.277777777777715,3502.0
110.0,20.555555555555543,3576.0
111.0,20.27777777777783,3649.0
112.0,20.833333333333258,3724.0
113.0,21.94444444444457,3803.0
114.0,22.22222222222217,3883.0
115.0,21.388888888888914,3960.0
116.0,22.22222222222217,4040.0
117.0,23.611111111111086,4125.0
119.0,23.888888888888914,4297.0
120.0,24.166666666666742,4384.0
121.0,24.166666666666515,4471.0
122.0,23.333333333333485,4555.0
124.0,24.861111111111086,4734.0
125.0,26.111111111111086,4828.0
126.0,25.0,4918.0
127.0,25.833333333333258,5011.0
128.0,26.111111111111086,5105.0
130.0,27.222222222222285,5301.0
131.0,27.22222222222217,5399.0
132.0,27.77777777777783,5499.0
133.0,27.77777777777783,5599.0
134.0,28.611111111111086,5702.0
135.0,30.2777777777776,5811.0
136.0,32.2222222222224,5927.0
137.0,28.611111111111086,6030.0
138.0,30.27777777777783,6139.0
139.0,30.833333333333258,6250.0
140.0,31.388888888888914,6363.0
142.0,32.08333333333326,6594.0
143.0,32.5,6711.0
144.0,31.666666666666742,6825.0
145.0,30.833333333333258,6936.0
146.0,30.27777777777783,7045.0
147.0,30.0,7153.0
149.0,29.861111111111086,7368.0
151.0,30.833333333333485,7590.0
153.0,31.666666666666515,7818.0
154.0,31.38888888888914,7931.0
156.0,33.19444444444434,8170.0
157.0,17.77777777777783,8234.0
158.0,2.5,8243.0
159.0,-1.666666666666515,8237.0
160.0,-2.7777777777778283,8227.0
161.0,-3.333333333333485,8215.0
162.0,-3.888888888888687,8201.0
163.0,-3.611111111111313,8188.0
164.0,-3.888888888888687,8174.0
165.0,-3.611111111111313,8161.0
166.0,-3.888888888888687,8147.0
167.0,-3.333333333333485,8135.0
168.0,0.8333333333334849,8138.0
169.0,3.055555555555202,8149.0
170.0,3.8888888888891415,8163.0
171.0,4.722222222222172,8180.0
172.0,4.722222222222172,8197.0
173.0,4.722222222222172,8214.0
174.0,4.722222222222172,8231.0
175.0,4.444444444444798,8247.0
176.0,4.444444444444343,8263.0
177.0,5.0,8281.0
178.0,4.722222222222172,8298.0
179.0,5.0,8316.0
180.0,5.0,8334.0
181.0,5.0,8352.0
182.0,5.0,8370.0
183.0,5.0,8388.0
184.0,5.277777777777828,8407.0
185.0,5.277777777777828,8426.0
186.0,5.277777777777828,8445.0
187.0,5.277777777777374,8464.0
188.0,5.277777777777828,8483.0
190.0,5.555555555555657,8523.0
191.0,5.833333333333485,8544.0
192.0,5.0,8562.0
193.0,5.83333333333303,8583.0
194.0,5.833333333333485,8604.0
195.0,5.833333333333485,8625.0
195.0,5.555555555555202,8645.0
197.0,2.9166666666667425,8666.0
198.0,5.833333333333485,8687.0
199.0,22.5,8768.0
200.0,-10.833333333333485,8729.0
201.0,6.111111111111313,8751.0
202.0,5.83333333333303,8772.0
203.0,6.111111111111313,8794.0
204.0,5.83333333333303,8815.0
205.0,6.111111111111313,8837.0
207.0,6.111111111111086,8881.0
209.0,6.805555555555657,8930.0
210.0,6.388888888888687,8953.0
211.0,6.111111111111313,8975.0
214.0,6.481481481481448,9045.0
217.0,6.666666666666667,9117.0
218.0,6.666666666666515,9141.0
220.0,7.222222222222172,9193.0
222.0,7.361111111111313,9246.0
223.0,7.5,9273.0
225.0,7.361111111111086,9326.0
226.0,7.5,9353.0
227.0,7.5,9380.0
229.0,7.361111111111086,9433.0
230.0,7.777777777777828,9461.0
231.0,7.222222222222172,9487.0
232.0,7.5,9514.0
233.0,8.33333333333303,9544.0
234.0,8.055555555555657,9573.0
237.0,7.870370370370438,9658.0
238.0,8.055555555555657,9687.0
239.0,8.055555555555202,9716.0
240.0,8.055555555555657,9745.0
241.0,8.055555555555657,9774.0
243.0,8.194444444444343,9833.0
244.0,8.055555555555657,9862.0
245.0,8.611111111111313,9893.0
246.0,8.055555555555202,9922.0
247.0,8.611111111111313,9953.0
248.0,8.055555555555657,9982.0
249.0,8.33333333333303,10012.0
251.0,9.305555555555657,10079.0
252.0,7.5,10106.0
253.0,8.611111111111313,10137.0
254.0,9.444444444444343,10171.0
255.0,9.444444444444343,10205.0
256.0,8.888888888888687,10237.0
257.0,8.888888888889142,10269.0
258.0,8.888888888888687,10301.0
259.0,8.888888888889142,10333.0
260.0,9.166666666666515,10366.0
261.0,8.888888888889142,10398.0
262.0,9.444444444444343,10432.0
263.0,8.888888888888687,10464.0
264.0,9.444444444444343,10498.0
265.0,9.16666666666697,10531.0
266.0,9.722222222222172,10566.0
267.0,9.722222222222172,10601.0
268.0,9.444444444444343,10635.0
269.0,9.722222222222172,10670.0
270.0,10.0,10706.0
271.0,9.444444444444798,10740.0
272.0,9.722222222222172,10775.0
273.0,9.722222222222172,10810.0
274.0,9.722222222222172,10845.0
275.0,9.722222222222172,10880.0
276.0,9.722222222222172,10915.0
277.0,9.722222222222172,10950.0
278.0,9.722222222222172,10985.0
279.0,10.277777777777828,11022.0
280.0,10.277777777777828,11059.0
281.0,10.0,11095.0
282.0,10.277777777777828,11132.0
283.0,10.277777777777828,11169.0
284.0,10.277777777777828,11206.0
285.0,10.83333333333303,11245.0
286.0,11.111111111111313,11285.0
287.0,10.0,11321.0
288.0,10.833333333333485,11360.0
289.0,10.555555555555202,11398.0
290.0,10.277777777777828,11435.0
291.0,10.555555555555657,11473.0
292.0,10.833333333333485,11512.0
293.0,10.83333333333303,11551.0
294.0,10.833333333333485,11590.0
295.0,10.833333333333485,11629.0
296.0,10.83333333333303,11668.0
297.0,11.111111111111313,11708.0
298.0,11.111111111110858,11748.0
299.0,11.111111111111313,11788.0
300.0,11.388888888888687,11829.0
301.0,11.111111111111313,11869.0
302.0,11.111111111111313,11909.0
303.0,11.388888888888687,11950.0
304.0,11.944444444444343,11993.0
305.0,178.33333333333348,12635.0
305.0,-7.777777777777828,12607.0
307.0,-68.19444444444434,12116.0
308.0,11.666666666666515,12158.0
309.0,11.944444444444343,12201.0
310.0,11.666666666666515,12243.0
311.0,11.388888888889142,12284.0
312.0,12.5,12329.0
313.0,12.222222222222172,12373.0
314.0,11.944444444444343,12416.0
315.0,12.222222222222172,12460.0
316.0,12.5,12505.0
317.0,11.944444444444798,12548.0
318.0,11.944444444444343,12591.0
319.0,12.222222222222172,12635.0
320.0,12.777777777777828,12681.0
321.0,12.777777777777828,12727.0
322.0,12.222222222222172,12771.0
323.0,12.5,12816.0
324.0,12.777777777777828,12862.0
325.0,12.5,12907.0
326.0,13.055555555555202,12954.0
327.0,12.777777777777828,13000.0
328.0,12.777777777777828,13046.0
329.0,12.777777777777828,13092.0
330.0,13.333333333333485,13140.0
331.0,13.055555555555657,13187.0
332.0,13.611111111110858,13236.0
333.0,13.611111111111313,13285.0
334.0,13.055555555555202,13332.0
335.0,13.611111111111313,13381.0
336.0,13.611111111111313,13430.0
337.0,13.611111111110858,13479.0
338.0,13.611111111111313,13528.0
339.0,14.166666666666515,13579.0
340.0,13.888888888888687,13629.0
341.0,13.611111111111313,13678.0
342.0,13.888888888888687,13728.0
343.0,13.611111111111313,13777.0
344.0,13.333333333333485,13825.0
345.0,14.166666666666515,13876.0
346.0,14.444444444444343,13928.0
347.0,13.888888888889142,13978.0
348.0,14.444444444444343,14030.0
349.0,14.166666666666515,14081.0
350.0,14.444444444444343,14133.0
351.0,14.722222222222626,14186.0
352.0,15.277777777777374,14241.0
353.0,14.722222222222626,14294.0
354.0,14.722222222222172,14347.0
355.0,15.0,14401.0
356.0,15.0,14455.0
357.0,14.722222222222172,14508.0
358.0,15.0,14562.0
359.0,16.11111111111086,14620.0
360.0,15.555555555555657,14676.0
361.0,15.0,14730.0
362.0,15.277777777777828,14785.0
363.0,15.83333333333303,14842.0
364.0,15.277777777778283,14897.0
365.0,15.555555555555657,14953.0
366.0,15.83333333333303,15010.0
367.0,16.66666666666697,15070.0
368.0,16.111111111110404,15128.0
370.0,16.111111111111313,15244.0
371.0,16.111111111111313,15302.0
372.0,16.111111111111313,15360.0
373.0,16.388888888888687,15419.0
374.0,15.0,15473.0
375.0,18.055555555555657,15538.0
376.0,16.944444444444343,15599.0
377.0,16.111111111111313,15657.0
378.0,17.222222222221717,15719.0
379.0,17.222222222222626,15781.0
380.0,16.944444444444343,15842.0
381.0,17.222222222221717,15904.0
382.0,17.222222222222626,15966.0
383.0,18.33333333333303,16032.0
384.0,17.777777777778283,16096.0
385.0,17.5,16159.0
386.0,17.5,16222.0
387.0,17.777777777777374,16286.0
388.0,17.777777777778283,16350.0
389.0,18.055555555554747,16415.0
390.0,18.055555555555657,16480.0
391.0,18.055555555555657,16545.0
392.0,16.944444444444343,16606.0
393.0,19.16666666666697,16675.0
394.0,19.444444444444343,16745.0
395.0,18.611111111111313,16812.0
396.0,18.888888888888687,16880.0
397.0,19.444444444444343,16950.0
398.0,18.33333333333394,17016.0
399.0,19.16666666666606,17085.0
400.0,19.16666666666697,17154.0
401.0,19.444444444444343,17224.0
402.0,19.16666666666697,17293.0
403.0,19.444444444444343,17363.0
404.0,19.722222222221717,17434.0
405.0,19.722222222222626,17505.0
406.0,20.277777777777374,17578.0
407.0,19.722222222222626,17649.0
408.0,20.555555555555657,17723.0
409.0,21.388888888888687,17800.0
410.0,19.722222222222626,17871.0
411.0,20.83333333333303,17946.0
412.0,20.555555555555657,18020.0
413.0,20.555555555555657,18094.0
414.0,22.222222222221717,18174.0
415.0,21.66666666666697,18252.0
416.0,20.83333333333303,18327.0
417.0,21.111111111111313,18403.0
418.0,21.66666666666697,18481.0
419.0,21.66666666666606,18559.0
420.0,21.66666666666697,18637.0
421.0,21.66666666666697,18715.0
422.0,22.222222222221717,18795.0
423.0,21.944444444444343,18874.0
424.0,22.5,18955.0
425.0,22.5,19036.0
426.0,22.777777777778283,19118.0
427.0,23.611111111111313,19203.0
428.0,25.0,19293.0
429.0,24.16666666666606,19380.0
430.0,23.611111111111313,19465.0
431.0,23.888888888888687,19551.0
432.0,23.611111111111313,19636.0
433.0,23.611111111111313,19721.0
434.0,24.16666666666606,19808.0
435.0,24.16666666666697,19895.0
436.0,23.611111111111313,19980.0
437.0,24.444444444444343,20068.0
438.0,25.0,20158.0
439.0,25.0,20248.0
440.0,25.0,20338.0
441.0,25.277777777777374,20429.0
442.0,25.555555555555657,20521.0
443.0,26.111111111111313,20615.0
444.0,26.111111111111313,20709.0
445.0,26.66666666666697,20805.0
446.0,28.611111111110404,20908.0
447.0,27.222222222222626,21006.0
448.0,26.66666666666697,21102.0
449.0,26.66666666666606,21198.0
450.0,27.5,21297.0
451.0,27.222222222222626,21395.0
452.0,27.222222222221717,21493.0
453.0,28.33333333333394,21595.0
454.0,27.5,21694.0
455.0,28.055555555555657,21795.0
456.0,28.611111111110404,21898.0
457.0,29.16666666666697,22003.0
458.0,28.888888888888687,22107.0
459.0,29.444444444444343,22213.0
460.0,29.722222222222626,22320.0
461.0,31.66666666666606,22434.0
462.0,32.222222222222626,22550.0
463.0,31.944444444444343,22665.0
464.0,31.111111111111313,22777.0
465.0,31.111111111111313,22889.0
466.0,31.388888888888687,23002.0
467.0,31.66666666666697,23116.0
468.0,30.0,23224.0
469.0,33.05555555555475,23343.0
470.0,33.33333333333394,23463.0
471.0,32.5,23580.0
472.0,33.33333333333303,23700.0
473.0,33.88888888888869,23822.0
474.0,34.44444444444434,23946.0
475.0,32.77777777777828,24064.0
476.0,34.72222222222172,24189.0
477.0,34.16666666666697,24312.0
478.0,35.27777777777828,24439.0
479.0,35.55555555555475,24567.0
480.0,37.222222222222626,24701.0
481.0,35.277777777777374,24828.0
482.0,36.66666666666697,24960.0
483.0,38.61111111111131,25099.0
484.0,38.61111111111131,25238.0
485.0,35.277777777777374,25365.0
486.0,35.0,25491.0
487.0,35.0,25617.0
488.0,35.27777777777828,25744.0
489.0,35.0,25870.0
490.0,36.111111111110404,26000.0
491.0,35.83333333333394,26129.0
492.0,37.777777777777374,26265.0
493.0,37.5,26400.0
494.0,37.5,26535.0
495.0,27.222222222222626,26633.0
496.0,8.055555555555657,26662.0
497.0,2.5,26671.0
498.0,0.8333333333330302,26674.0
499.0,0.27777777777737356,26675.0
500.0,0.0,26675.0
501.0,0.0,26675.0
502.0,0.0,26675.0
503.0,0.0,26675.0
504.0,0.0,26675.0
505.0,0.0,26675.0
506.0,0.0,26675.0
507.0,0.0,26675.0
508.0,0.0,26675.0
509.0,0.0,26675.0
510.0,0.0,26675.0
511.0,0.0,26675.0
512.0,0.27777777777828305,26676.0
513.0,0.0,26676.0
514.0,0.0,26676.0
515.0,0.0,26676.0
516.0,0.0,26676.0
517.0,0.0,26676.0
518.0,0.0,26676.0
519.0,0.0,26676.0
520.0,0.0,26676.0
521.0,0.0,26676.0
522.0,0.0,26676.0
523.0,0.0,26676.0
524.0,0.0,26676.0
525.0,0.0,26676.0
526.0,0.0,26676.0
527.0,0.0,26676.0
528.0,0.0,26676.0
529.0,0.0,26676.0
530.0,0.0,26676.0
531.0,0.0,26676.0
532.0,0.0,26676.0
533.0,0.0,26676.0
534.0,0.0,26676.0
535.0,0.0,26676.0
536.0,0.0,26676.0
537.0,0.0,26676.0
538.0,0.0,26676.0
539.0,0.0,26676.0
540.0,0.0,26676.0
541.0,0.0,26676.0
542.0,0.0,26676.0
543.0,0.0,26676.0
544.0,0.0,26676.0
545.0,0.0,26676.0
546.0,0.0,26676.0
547.0,0.0,26676.0
548.0,0.0,26676.0
549.0,0.0,26676.0
550.0,0.0,26676.0
551.0,0.0,26676.0
552.0,0.0,26676.0
553.0,0.0,26676.0
554.0,0.0,26676.0
555.0,0.0,26676.0
556.0,0.0,26676.0
557.0,0.0,26676.0
558.0,0.0,26676.0
559.0,0.0,26676.0
560.0,0.0,26676.0
561.0,0.0,26676.0
562.0,0.0,26676.0
563.0,0.0,26676.0
564.0,0.0,26676.0
565.0,0.0,26676.0
566.0,0.0,26676.0
567.0,0.0,26676.0
568.0,0.0,26676.0
569.0,0.0,26676.0
570.0,0.0,26676.0
571.0,0.0,26676.0
572.0,0.0,26676.0
573.0,0.0,26676.0
574.0,0.0,26676.0
575.0,0.0,26676.0
576.0,0.0,26676.0
577.0,0.0,26676.0
578.0,0.0,26676.0
579.0,0.0,26676.0
580.0,0.0,26676.0
581.0,0.0,26676.0
582.0,0.0,26676.0
583.0,0.0,26676.0
584.0,0.0,26676.0
585.0,0.0,26676.0
586.0,0.0,26676.0
587.0,0.0,26676.0
588.0,0.0,26676.0
589.0,0.0,26676.0
590.0,0.0,26676.0
591.0,0.0,26676.0
592.0,0.0,26676.0
593.0,0.0,26676.0
594.0,0.0,26676.0
595.0,0.0,26676.0
596.0,0.0,26676.0
597.0,0.0,26676.0
598.0,0.0,26676.0
599.0,0.0,26676.0
600.0,0.0,26676.0
601.0,0.0,26676.0
602.0,0.0,26676.0
603.0,0.0,26676.0
604.0,0.0,26676.0
605.0,0.27777777777737356,26677.0
606.0,0.0,26677.0
607.0,0.0,26677.0
608.0,0.0,26677.0
609.0,0.0,26677.0
610.0,0.0,26677.0
611.0,0.0,26677.0
612.0,0.0,26677.0
613.0,0.0,26677.0
614.0,0.0,26677.0
615.0,0.0,26677.0
616.0,0.0,26677.0
617.0,0.0,26677.0
618.0,-0.27777777777737356,26676.0
619.0,0.27777777777737356,26677.0
620.0,0.0,26677.0
621.0,0.0,26677.0
622.0,0.0,26677.0
623.0,0.0,26677.0
624.0,0.0,26677.0
625.0,0.0,26677.0
626.0,0.0,26677.0
627.0,0.0,26677.0
628.0,0.0,26677.0
629.0,0.0,26677.0
630.0,-0.27777777777737356,26676.0
631.0,0.0,26676.0
632.0,0.0,26676.0
633.0,0.0,26676.0
634.0,0.0,26676.0
635.0,0.0,26676.0
636.0,0.27777777777737356,26677.0
637.0,-0.27777777777737356,26676.0
638.0,0.0,26676.0
639.0,0.0,26676.0
640.0,0.0,26676.0
641.0,0.0,26676.0
642.0,0.0,26676.0
643.0,0.0,26676.0
644.0,0.0,26676.0
645.0,0.0,26676.0
646.0,0.0,26676.0
647.0,0.0,26676.0
648.0,0.0,26676.0
649.0,0.0,26676.0
650.0,0.0,26676.0
651.0,0.0,26676.0
652.0,0.0,26676.0
653.0,0.0,26676.0
654.0,0.0,26676.0
655.0,0.0,26676.0
656.0,0.0,26676.0
657.0,0.0,26676.0
658.0,0.0,26676.0
659.0,0.0,26676.0
660.0,0.0,26676.0
661.0,0.0,26676.0
662.0,0.0,26676.0
663.0,0.0,26676.0
664.0,0.0,26676.0
665.0,0.0,26676.0
666.0,0.0,26676.0
667.0,0.0,26676.0
668.0,0.0,26676.0
669.0,0.0,26676.0
670.0,0.0,26676.0
671.0,0.0,26676.0
672.0,0.0,26676.0
673.0,0.0,26676.0
674.0,0.0,26676.0
675.0,0.0,26676.0
676.0,0.0,26676.0
677.0,0.0,26676.0
678.0,0.0,26676.0
679.0,0.0,26676.0
680.0,0.0,26676.0
681.0,0.0,26676.0
682.0,0.0,26676.0
683.0,0.0,26676.0
684.0,0.0,26676.0
685.0,0.0,26676.0
686.0,0.0,26676.0
687.0,0.0,26676.0
688.0,0.0,26676.0
689.0,0.0,26676.0
690.0,0.0,26676.0
691.0,0.0,26676.0
692.0,0.0,26676.0
693.0,0.0,26676.0
694.0,0.0,26676.0
695.0,0.0,26676.0
696.0,0.0,26676.0
697.0,0.0,26676.0
698.0,0.0,26676.0
699.0,0.0,26676.0
700.0,0.0,26676.0
701.0,0.0,26676.0
702.0,0.0,26676.0
703.0,0.0,26676.0
704.0,0.0,26676.0
705.0,0.0,26676.0
706.0,0.0,26676.0
707.0,0.0,26676.0
708.0,0.0,26676.0
709.0,0.0,26676.0
710.0,0.0,26676.0
711.0,0.0,26676.0
712.0,0.0,26676.0
713.0,0.0,26676.0
714.0,0.0,26676.0
715.0,0.0,26676.0
716.0,0.0,26676.0
717.0,0.0,26676.0
718.0,0.0,26676.0
719.0,0.0,26676.0
720.0,0.0,26676.0
721.0,0.0,26676.0
722.0,0.0,26676.0
723.0,0.0,26676.0
724.0,0.0,26676.0
725.0,0.0,26676.0
726.0,0.0,26676.0
727.0,0.0,26676.0
728.0,0.0,26676.0
729.0,0.0,26676.0
730.0,0.0,26676.0
731.0,0.0,26676.0
733.0,0.0,26676.0
734.0,0.0,26676.0
735.0,0.0,26676.0
736.0,0.0,26676.0
737.0,0.0,26676.0
738.0,0.0,26676.0
739.0,0.0,26676.0
740.0,0.0,26676.0
741.0,0.0,26676.0
742.0,0.0,26676.0
743.0,0.0,26676.0
744.0,0.0,26676.0
745.0,0.0,26676.0
746.0,0.0,26676.0
747.0,0.0,26676.0
748.0,0.0,26676.0
749.0,0.0,26676.0
750.0,0.0,26676.0
751.0,0.0,26676.0
752.0,0.0,26676.0
753.0,0.0,26676.0
754.0,0.0,26676.0
755.0,0.0,26676.0
756.0,0.0,26676.0
757.0,0.0,26676.0
758.0,0.0,26676.0
759.0,0.0,26676.0
760.0,0.0,26676.0
761.0,0.0,26676.0
762.0,0.0,26676.0
763.0,0.0,26676.0
764.0,0.0,26676.0
765.0,0.0,26676.0
766.0,0.0,26676.0
767.0,0.0,26676.0
768.0,0.0,26676.0
769.0,0.0,26676.0
770.0,0.0,26676.0
771.0,0.0,26676.0
772.0,0.0,26676.0
773.0,0.0,26676.0
774.0,0.0,26676.0
775.0,0.0,26676.0
776.0,0.0,26676.0
777.0,0.0,26676.0
778.0,0.0,26676.0
779.0,0.0,26676.0
780.0,0.0,26676.0
781.0,0.0,26676.0
782.0,0.0,26676.0
783.0,0.0,26676.0
784.0,0.0,26676.0
785.0,0.0,26676.0
786.0,0.0,26676.0
787.0,0.0,26676.0
788.0,0.0,26676.0
789.0,0.0,26676.0
790.0,0.0,26676.0
791.0,0.0,26676.0
792.0,0.0,26676.0
793.0,0.0,26676.0
794.0,0.0,26676.0
795.0,0.0,26676.0
796.0,0.0,26676.0
797.0,0.0,26676.0
798.0,0.0,26676.0
799.0,0.0,26676.0
800.0,0.0,26676.0
801.0,0.0,26676.0
802.0,0.0,26676.0
803.0,0.0,26676.0
804.0,0.0,26676.0
805.0,0.0,26676.0
806.0,0.0,26676.0
807.0,0.0,26676.0
808.0,0.0,26676.0
809.0,0.0,26676.0
810.0,0.0,26676.0
811.0,0.0,26676.0
812.0,0.0,26676.0
813.0,0.0,26676.0
814.0,0.0,26676.0
815.0,0.0,26676.0
816.0,0.0,26676.0
817.0,0.0,26676.0
818.0,0.0,26676.0
819.0,0.0,26676.0
820.0,0.0,26676.0
821.0,0.0,26676.0
822.0,0.0,26676.0
823.0,0.0,26676.0
824.0,0.0,26676.0
825.0,0.0,26676.0
826.0,0.0,26676.0
827.0,0.0,26676.0
828.0,0.0,26676.0
829.0,0.0,26676.0
830.0,0.0,26676.0
831.0,0.0,26676.0
832.0,0.0,26676.0
833.0,0.0,26676.0
834.0,0.0,26676.0
835.0,0.0,26676.0
836.0,0.0,26676.0
837.0,0.0,26676.0
838.0,0.0,26676.0
839.0,0.0,26676.0
840.0,0.0,26676.0
841.0,0.0,26676.0
842.0,0.0,26676.0
843.0,0.0,26676.0
844.0,0.0,26676.0
845.0,0.0,26676.0
846.0,0.0,26676.0
847.0,0.0,26676.0
848.0,0.0,26676.0
849.0,0.0,26676.0
850.0,0.0,26676.0
851.0,0.0,26676.0
852.0,0.0,26676.0
853.0,0.0,26676.0
854.0,0.0,26676.0
855.0,0.0,26676.0
856.0,0.0,26676.0
857.0,0.0,26676.0
858.0,0.0,26676.0
859.0,0.0,26676.0
860.0,0.0,26676.0
861.0,0.0,26676.0
862.0,0.0,26676.0
863.0,0.0,26676.0
864.0,0.0,26676.0
865.0,0.0,26676.0
866.0,0.0,26676.0
867.0,0.0,26676.0
868.0,0.0,26676.0
869.0,0.0,26676.0
870.0,0.0,26676.0
871.0,0.0,26676.0
872.0,0.0,26676.0
873.0,0.0,26676.0
874.0,0.0,26676.0
875.0,0.0,26676.0
876.0,0.0,26676.0
877.0,0.0,26676.0
878.0,0.0,26676.0
879.0,0.0,26676.0
880.0,0.0,26676.0
881.0,0.0,26676.0
882.0,0.0,26676.0
883.0,0.0,26676.0
884.0,0.0,26676.0
885.0,0.0,26676.0
886.0,0.0,26676.0
887.0,0.0,26676.0
888.0,0.0,26676.0
889.0,0.0,26676.0
890.0,0.0,26676.0
891.0,0.0,26676.0
892.0,0.0,26676.0
893.0,0.0,26676.0
894.0,0.0,26676.0
895.0,0.0,26676.0
896.0,0.0,26676.0
897.0,0.0,26676.0
898.0,0.0,26676.0
899.0,0.0,26676.0
900.0,0.0,26676.0
901.0,0.0,26676.0
902.0,0.0,26676.0
903.0,0.0,26676.0
904.0,0.0,26676.0
905.0,0.0,26676.0
906.0,0.0,26676.0
907.0,0.0,26676.0
908.0,0.0,26676.0
909.0,0.0,26676.0
910.0,0.0,26676.0
911.0,0.0,26676.0
912.0,0.0,26676.0
913.0,0.0,26676.0
914.0,0.0,26676.0
915.0,0.0,26676.0
916.0,0.0,26676.0
917.0,0.0,26676.0
918.0,0.0,26676.0
919.0,0.0,26676.0
920.0,0.0,26676.0
921.0,0.0,26676.0
922.0,0.0,26676.0
923.0,0.0,26676.0
924.0,0.0,26676.0
925.0,0.0,26676.0
926.0,0.0,26676.0
927.0,0.0,26676.0
928.0,0.0,26676.0
929.0,0.0,26676.0
930.0,0.0,26676.0
931.0,0.0,26676.0
932.0,0.0,26676.0
933.0,0.0,26676.0
934.0,0.0,26676.0
935.0,0.0,26676.0
936.0,0.0,26676.0
937.0,0.0,26676.0
938.0,0.0,26676.0
939.0,0.0,26676.0
940.0,0.0,26676.0
941.0,0.0,26676.0
942.0,0.0,26676.0
943.0,0.0,26676.0
944.0,0.0,26676.0
945.0,0.0,26676.0
946.0,0.0,26676.0
947.0,0.0,26676.0
948.0,0.0,26676.0
949.0,0.0,26676.0
950.0,0.0,26676.0
951.0,0.0,26676.0
952.0,0.0,26676.0
953.0,0.0,26676.0
954.0,0.0,26676.0
955.0,0.0,26676.0
956.0,0.0,26676.0
957.0,0.0,26676.0
958.0,0.0,26676.0
959.0,0.0,26676.0
960.0,0.0,26676.0
961.0,0.0,26676.0
962.0,0.0,26676.0
963.0,0.0,26676.0
964.0,0.0,26676.0
965.0,0.0,26676.0
966.0,0.0,26676.0
967.0,0.0,26676.0
968.0,0.0,26676.0
969.0,0.0,26676.0
970.0,0.0,26676.0
971.0,0.0,26676.0
972.0,0.0,26676.0
973.0,0.0,26676.0
974.0,0.0,26676.0
975.0,0.0,26676.0
976.0,0.0,26676.0
977.0,0.0,26676.0
978.0,0.0,26676.0
979.0,0.0,26676.0
980.0,0.0,26676.0
981.0,0.0,26676.0
982.0,0.0,26676.0
983.0,0.0,26676.0
984.0,0.0,26676.0
985.0,0.0,26676.0
986.0,0.0,26676.0
987.0,0.0,26676.0
988.0,0.0,26676.0
989.0,0.0,26676.0
990.0,0.0,26676.0
991.0,0.0,26676.0
992.0,0.0,26676.0
993.0,0.0,26676.0
994.0,0.0,26676.0
995.0,0.0,26676.0
996.0,0.0,26676.0
997.0,0.0,26676.0
998.0,0.0,26676.0
999.0,0.0,26676.0
1000.0,0.0,26676.0
1001.0,0.0,26676.0
1002.0,0.0,26676.0
1003.0,0.0,26676.0
1004.0,0.0,26676.0
1005.0,0.0,26676.0
1006.0,0.0,26676.0
1007.0,0.0,26676.0
1008.0,0.0,26676.0
1009.0,0.0,26676.0
1010.0,0.0,26676.0
1011.0,0.0,26676.0
1012.0,0.0,26676.0
1013.0,0.0,26676.0
1014.0,0.0,26676.0
1015.0,0.0,26676.0
1016.0,0.0,26676.0
1017.0,0.0,26676.0
1018.0,0.0,26676.0
1019.0,0.0,26676.0
1020.0,0.0,26676.0
1021.0,0.0,26676.0
1022.0,0.0,26676.0
1023.0,0.0,26676.0
1024.0,0.0,26676.0
1025.0,0.0,26676.0
1025.0,0.0,26676.0
1027.0,0.0,26676.0
1028.0,0.0,26676.0
1029.0,0.0,26676.0
1030.0,0.0,26676.0
1031.0,0.0,26676.0
1032.0,0.0,26676.0
1033.0,0.0,26676.0
1034.0,0.0,26676.0
1035.0,0.0,26676.0
1036.0,0.0,26676.0
1037.0,0.0,26676.0
1038.0,0.0,26676.0
1039.0,0.0,26676.0
1040.0,0.0,26676.0
1041.0,0.0,26676.0
1042.0,0.0,26676.0
1043.0,0.0,26676.0
1044.0,0.0,26676.0
1045.0,0.0,26676.0
1046.0,0.0,26676.0
1047.0,0.0,26676.0
1048.0,0.0,26676.0
1049.0,0.0,26676.0
1050.0,0.0,26676.0
1051.0,0.0,26676.0
1052.0,0.0,26676.0
1053.0,0.0,26676.0
1054.0,0.0,26676.0
1055.0,0.0,26676.0
1056.0,0.0,26676.0
1057.0,0.0,26676.0
1058.0,0.0,26676.0
1059.0,0.0,26676.0
1060.0,0.0,26676.0
1061.0,0.0,26676.0
1062.0,0.0,26676.0
1063.0,0.0,26676.0
1064.0,0.0,26676.0
1065.0,0.0,26676.0
1066.0,0.0,26676.0
1067.0,0.0,26676.0
1068.0,0.0,26676.0
1069.0,0.0,26676.0
1070.0,0.0,26676.0
1071.0,0.0,26676.0
1072.0,0.0,26676.0
1073.0,0.0,26676.0
1074.0,0.0,26676.0
1075.0,0.0,26676.0
1076.0,0.0,26676.0
1077.0,0.0,26676.0
1078.0,0.0,26676.0
1079.0,0.0,26676.0
1080.0,0.0,26676.0
1081.0,0.0,26676.0
1082.0,0.0,26676.0
1083.0,0.0,26676.0
1084.0,0.0,26676.0
1085.0,0.0,26676.0
1086.0,0.0,26676.0
1087.0,0.0,26676.0
1088.0,0.0,26676.0
1089.0,0.0,26676.0
1090.0,0.0,26676.0
1091.0,0.0,26676.0
1092.0,0.0,26676.0
1093.0,0.0,26676.0
1094.0,0.0,26676.0
1095.0,0.0,26676.0
1096.0,0.0,26676.0
1097.0,0.0,26676.0
1098.0,0.0,26676.0
1099.0,0.0,26676.0
1100.0,0.0,26676.0
1101.0,0.0,26676.0
1102.0,0.0,26676.0
1103.0,0.0,26676.0
1104.0,0.0,26676.0
1105.0,0.0,26676.0
1106.0,0.0,26676.0
1107.0,0.0,26676.0
1108.0,0.0,26676.0
1109.0,0.0,26676.0
1110.0,0.0,26676.0
1111.0,0.0,26676.0
1112.0,0.0,26676.0
1113.0,0.0,26676.0
1114.0,0.0,26676.0
1115.0,0.0,26676.0
1116.0,0.0,26676.0
1117.0,0.0,26676.0
1118.0,0.0,26676.0
1119.0,0.0,26676.0
1120.0,0.0,26676.0
1121.0,0.0,26676.0
1122.0,0.0,26676.0
1123.0,0.0,26676.0
1124.0,0.0,26676.0
1125.0,0.0,26676.0
1126.0,0.0,26676.0
1127.0,0.0,26676.0
1128.0,0.0,26676.0
1129.0,0.0,26676.0
1130.0,0.0,26676.0
1131.0,0.0,26676.0
1132.0,0.0,26676.0
1133.0,0.0,26676.0
1134.0,0.0,26676.0
1135.0,0.0,26676.0
1136.0,0.0,26676.0
1137.0,0.0,26676.0
1138.0,0.0,26676.0
1139.0,0.0,26676.0
1140.0,0.0,26676.0
1141.0,0.0,26676.0
1142.0,0.0,26676.0
1143.0,0.0,26676.0
1144.0,0.0,26676.0
1145.0,0.0,26676.0
1146.0,0.0,26676.0
1147.0,0.0,26676.0
1148.0,0.0,26676.0
1149.0,0.0,26676.0
1150.0,0.0,26676.0
1151.0,0.0,26676.0
1152.0,0.0,26676.0
1153.0,0.0,26676.0
1154.0,0.0,26676.0
1155.0,0.0,26676.0
1156.0,0.0,26676.0
1157.0,0.0,26676.0
1158.0,0.0,26676.0
1159.0,0.0,26676.0
1160.0,0.0,26676.0
1161.0,0.0,26676.0
1162.0,0.0,26676.0
1163.0,0.0,26676.0
1164.0,0.0,26676.0
1165.0,0.0,26676.0
1166.0,0.0,26676.0
1167.0,0.0,26676.0
1168.0,0.0,26676.0
1169.0,0.0,26676.0
1170.0,0.0,26676.0
1171.0,0.0,26676.0
1172.0,0.0,26676.0
1173.0,0.0,26676.0
1174.0,0.0,26676.0
1175.0,0.0,26676.0
1176.0,0.0,26676.0
1177.0,0.0,26676.0
1178.0,0.0,26676.0
1179.0,0.0,26676.0
1180.0,0.0,26676.0
1181.0,0.0,26676.0
1182.0,0.0,26676.0
1183.0,0.0,26676.0
1184.0,0.0,26676.0
1185.0,0.0,26676.0
1186.0,0.0,26676.0
1187.0,0.0,26676.0
1188.0,0.0,26676.0
1189.0,0.0,26676.0
1190.0,0.0,26676.0
1191.0,0.0,26676.0
1192.0,0.0,26676.0
1193.0,0.0,26676.0
1194.0,0.0,26676.0
1195.0,0.0,26676.0
1196.0,0.0,26676.0
1197.0,0.0,26676.0
1198.0,0.0,26676.0
1199.0,0.0,26676.0
1200.0,0.0,26676.0
1201.0,0.0,26676.0
1202.0,0.0,26676.0
1203.0,0.0,26676.0
1204.0,0.0,26676.0
1205.0,0.0,26676.0
1206.0,0.0,26676.0
1207.0,0.0,26676.0
1208.0,0.0,26676.0
1209.0,0.0,26676.0
1210.0,0.0,26676.0
1211.0,0.0,26676.0
1212.0,0.0,26676.0
1213.0,0.0,26676.0
1214.0,0.0,26676.0
1215.0,0.0,26676.0
1216.0,0.0,26676.0
1217.0,0.0,26676.0
1218.0,0.0,26676.0
1219.0,0.0,26676.0
1220.0,0.0,26676.0
1221.0,0.0,26676.0
1222.0,0.0,26676.0
1223.0,0.0,26676.0
1224.0,0.0,26676.0
1225.0,0.0,26676.0
1226.0,0.0,26676.0
1227.0,0.0,26676.0
1228.0,0.0,26676.0
1229.0,0.0,26676.0
1230.0,0.0,26676.0
1231.0,0.0,26676.0
1232.0,0.0,26676.0
1233.0,0.0,26676.0
1234.0,0.0,26676.0
1235.0,0.0,26676.0
1236.0,0.0,26676.0
1237.0,0.0,26676.0
1238.0,0.0,26676.0
1239.0,0.0,26676.0
1240.0,0.0,26676.0
1241.0,0.0,26676.0
1242.0,0.0,26676.0
1243.0,0.0,26676.0
1244.0,0.0,26676.0
1245.0,0.0,26676.0
1246.0,0.0,26676.0
1247.0,0.0,26676.0
1248.0,0.0,26676.0
1249.0,0.0,26676.0
1250.0,0.0,26676.0
1251.0,0.0,26676.0
1252.0,0.0,26676.0
1253.0,0.0,26676.0
1254.0,0.0,26676.0
1255.0,0.0,26676.0
1256.0,0.0,26676.0
1257.0,0.0,26676.0
1258.0,0.0,26676.0
1259.0,0.0,26676.0
1260.0,0.0,26676.0
1261.0,0.0,26676.0
1262.0,0.0,26676.0
1263.0,0.0,26676.0
1264.0,0.0,26676.0
1265.0,0.0,26676.0
1266.0,0.0,26676.0
1267.0,0.0,26676.0
1268.0,0.0,26676.0
1269.0,0.0,26676.0
1270.0,0.0,26676.0
1271.0,0.0,26676.0
1272.0,0.0,26676.0
1273.0,0.0,26676.0
1274.0,0.0,26676.0
1275.0,0.0,26676.0
1276.0,0.0,26676.0
1277.0,0.0,26676.0
1278.0,0.0,26676.0
1279.0,0.0,26676.0
1280.0,0.0,26676.0
1281.0,0.0,26676.0
1282.0,0.0,26676.0
1283.0,0.0,26676.0
1284.0,0.0,26676.0
1285.0,0.0,26676.0
1286.0,0.0,26676.0
1287.0,0.0,26676.0
1288.0,0.0,26676.0
1289.0,0.0,26676.0
1290.0,0.0,26676.0
1291.0,0.0,26676.0
1292.0,0.0,26676.0
1293.0,0.0,26676.0
1294.0,0.0,26676.0
1295.0,0.0,26676.0
1296.0,0.0,26676.0
1297.0,0.0,26676.0
1298.0,0.0,26676.0
1299.0,0.0,26676.0
1300.0,0.0,26676.0
1301.0,0.0,26676.0
1302.0,0.0,26676.0
1303.0,0.0,26676.0
1304.0,0.0,26676.0
1305.0,0.0,26676.0
1306.0,0.0,26676.0
1307.0,0.0,26676.0
1308.0,0.0,26676.0
1309.0,0.0,26676.0
1310.0,0.0,26676.0
1311.0,0.0,26676.0
1312.0,0.0,26676.0
1313.0,0.0,26676.0
1314.0,0.0,26676.0
1315.0,0.0,26676.0
1316.0,0.0,26676.0
1317.0,0.0,26676.0
1318.0,0.0,26676.0
1319.0,0.0,26676.0
1320.0,0.0,26676.0
1321.0,0.0,26676.0
1322.0,0.0,26676.0
1323.0,0.0,26676.0
1324.0,0.0,26676.0
1325.0,0.0,26676.0
1325.0,0.0,26676.0
1327.0,0.0,26676.0
1328.0,0.0,26676.0
1329.0,0.0,26676.0
1330.0,0.0,26676.0
1331.0,0.0,26676.0
1332.0,0.0,26676.0
1333.0,0.0,26676.0
1334.0,0.0,26676.0
1335.0,0.0,26676.0
1336.0,0.0,26676.0
1337.0,0.0,26676.0
1338.0,0.0,26676.0
1339.0,0.0,26676.0
1340.0,0.0,26676.0
1341.0,0.0,26676.0
1343.0,0.0,26676.0
1344.0,0.0,26676.0
1345.0,0.0,26676.0
1346.0,0.0,26676.0
1347.0,0.0,26676.0
1348.0,0.0,26676.0
1349.0,0.0,26676.0
1350.0,0.0,26676.0
1351.0,0.0,26676.0
1352.0,0.0,26676.0
1353.0,0.0,26676.0
1354.0,0.0,26676.0
1355.0,0.0,26676.0
1356.0,0.0,26676.0
1357.0,0.0,26676.0
1358.0,0.0,26676.0
1359.0,0.0,26676.0
1360.0,0.0,26676.0
1361.0,0.0,26676.0
1362.0,0.0,26676.0
1363.0,0.0,26676.0
1364.0,0.0,26676.0
1365.0,0.0,26676.0
1366.0,0.0,26676.0
1367.0,0.0,26676.0
1368.0,0.0,26676.0
1369.0,0.0,26676.0
1370.0,0.0,26676.0
1371.0,0.0,26676.0
1372.0,0.0,26676.0
1373.0,0.0,26676.0
1374.0,0.0,26676.0
1375.0,0.0,26676.0
1376.0,0.0,26676.0
1377.0,0.0,26676.0
1378.0,0.0,26676.0
1379.0,0.0,26676.0
1380.0,0.0,26676.0
1381.0,0.0,26676.0
1382.0,0.0,26676.0
1383.0,0.0,26676.0
1384.0,0.0,26676.0
1385.0,0.0,26676.0
1385.0,0.0,26676.0
1387.0,0.0,26676.0
1388.0,0.0,26676.0
1389.0,0.0,26676.0
1390.0,0.0,26676.0
1391.0,0.0,26676.0
1392.0,0.0,26676.0
1393.0,0.0,26676.0
1394.0,0.0,26676.0
1395.0,0.0,26676.0
1396.0,0.0,26676.0
1397.0,0.0,26676.0
1398.0,0.0,26676.0
1399.0,0.0,26676.0
1400.0,0.0,26676.0
1401.0,0.0,26676.0
1402.0,0.0,26676.0
1403.0,0.0,26676.0
1404.0,0.0,26676.0
1405.0,0.0,26676.0
1406.0,0.0,26676.0
1407.0,0.0,26676.0
1408.0,0.0,26676.0
1409.0,0.0,26676.0
1410.0,0.0,26676.0
1411.0,0.0,26676.0
1412.0,0.0,26676.0
1413.0,0.0,26676.0
1414.0,0.0,26676.0
1415.0,0.0,26676.0
1416.0,0.0,26676.0
1417.0,0.0,26676.0
1418.0,0.0,26676.0
1419.0,0.0,26676.0
1420.0,0.0,26676.0
1421.0,0.0,26676.0
1422.0,0.0,26676.0
1423.0,0.0,26676.0
1424.0,0.0,26676.0
1425.0,0.0,26676.0
1426.0,0.0,26676.0
1427.0,0.0,26676.0
1428.0,0.0,26676.0
1429.0,0.0,26676.0
1430.0,0.0,26676.0
1431.0,0.0,26676.0
1432.0,0.0,26676.0
1433.0,0.0,26676.0
1434.0,0.0,26676.0
1435.0,0.0,26676.0
1436.0,0.0,26676.0
1437.0,0.0,26676.0
1438.0,0.0,26676.0
1439.0,0.0,26676.0
1440.0,0.0,26676.0
1441.0,0.0,26676.0
1442.0,0.0,26676.0
1443.0,0.0,26676.0
1444.0,0.0,26676.0
1445.0,0.0,26676.0
1446.0,0.0,26676.0
1447.0,0.0,26676.0
1448.0,0.0,26676.0
1449.0,0.0,26676.0
1450.0,0.0,26676.0
1451.0,0.0,26676.0
1452.0,0.0,26676.0
1453.0,0.0,26676.0
1454.0,0.0,26676.0
1455.0,0.0,26676.0
1456.0,0.0,26676.0
1457.0,0.0,26676.0
1458.0,0.0,26676.0
1459.0,0.0,26676.0
1460.0,0.0,26676.0
1461.0,0.0,26676.0
1462.0,0.0,26676.0
1463.0,0.0,26676.0
1464.0,0.0,26676.0
1465.0,0.0,26676.0
1466.0,0.0,26676.0
1467.0,0.0,26676.0
1468.0,0.0,26676.0
1469.0,0.0,26676.0
1470.0,0.0,26676.0
1471.0,0.0,26676.0
1472.0,0.0,26676.0
1473.0,0.0,26676.0
1474.0,0.0,26676.0
1475.0,0.0,26676.0
1476.0,0.0,26676.0
1477.0,0.0,26676.0
1478.0,0.0,26676.0
1479.0,0.0,26676.0
1480.0,0.0,26676.0
1481.0,0.0,26676.0
1482.0,0.0,26676.0
1483.0,0.0,26676.0
1484.0,0.0,26676.0
1485.0,-10.0,26640.0
1486.0,-5.277777777778283,26621.0
1487.0,-1.3888888888886868,26616.0
1488.0,-0.5555555555556566,26614.0
1489.0,-0.27777777777737356,26613.0
1490.0,0.0,26613.0
1491.0,0.0,26613.0
1492.0,0.0,26613.0
1493.0,0.0,26613.0
1494.0,-0.27777777777828305,26612.0
1495.0,0.0,26612.0
1496.0,0.0,26612.0
1497.0,0.0,26612.0
1498.0,0.0,26612.0
1499.0,0.0,26612.0
1500.0,-0.27777777777737356,26611.0
1501.0,0.0,26611.0
1502.0,0.0,26611.0
1503.0,0.0,26611.0
1504.0,0.0,26611.0
1505.0,0.0,26611.0
1506.0,0.0,26611.0
1507.0,-0.27777777777828305,26610.0
1508.0,0.0,26610.0
1509.0,0.0,26610.0
1510.0,0.0,26610.0
1511.0,0.0,26610.0
1512.0,0.0,26610.0
1513.0,0.0,26610.0
1514.0,-0.27777777777737356,26609.0
1515.0,0.0,26609.0
1516.0,0.0,26609.0
1517.0,0.0,26609.0
1518.0,0.0,26609.0
1519.0,0.0,26609.0
1520.0,0.0,26609.0
1521.0,0.0,26609.0
1522.0,-0.27777777777737356,26608.0
1523.0,0.0,26608.0
1524.0,0.0,26608.0
1525.0,0.0,26608.0
1526.0,0.0,26608.0
1527.0,0.0,26608.0
1528.0,-0.27777777777828305,26607.0
1529.0,0.0,26607.0
1530.0,0.0,26607.0
1531.0,0.0,26607.0
1532.0,0.0,26607.0
1533.0,0.0,26607.0
1534.0,0.0,26607.0
1535.0,-0.27777777777737356,26606.0
1536.0,0.0,26606.0
1537.0,0.0,26606.0
1538.0,0.0,26606.0
1539.0,0.0,26606.0
1540.0,0.0,26606.0
1541.0,0.0,26606.0
1542.0,-0.27777777777828305,26605.0
1543.0,0.0,26605.0
1544.0,0.0,26605.0
1545.0,0.0,26605.0
1546.0,0.0,26605.0
1547.0,0.0,26605.0
1548.0,-0.27777777777737356,26604.0
1549.0,0.0,26604.0
1550.0,0.0,26604.0
1551.0,0.0,26604.0
1552.0,0.0,26604.0
1553.0,0.0,26604.0
1554.0,0.0,26604.0
1555.0,0.0,26604.0
1556.0,-0.27777777777828305,26603.0
1557.0,0.0,26603.0
1558.0,0.0,26603.0
1559.0,0.0,26603.0
1560.0,0.0,26603.0
1561.0,0.0,26603.0
1562.0,-0.27777777777737356,26602.0
1563.0,0.0,26602.0
1564.0,0.0,26602.0
1565.0,0.0,26602.0
1565.0,0.0,26602.0
1567.0,0.0,26602.0
1568.0,-0.27777777777828305,26601.0
1569.0,0.0,26601.0
1570.0,0.0,26601.0
1571.0,0.0,26601.0
1572.0,0.0,26601.0
1573.0,0.0,26601.0
1574.0,0.0,26601.0
1575.0,-0.27777777777737356,26600.0
1576.0,0.0,26600.0
1577.0,0.0,26600.0
1578.0,0.0,26600.0
1579.0,0.0,26600.0
1580.0,0.0,26600.0
1581.0,-0.27777777777737356,26599.0
1582.0,0.0,26599.0
1583.0,0.0,26599.0
1584.0,0.0,26599.0
1585.0,0.0,26599.0
1586.0,0.0,26599.0
1587.0,0.0,26599.0
1588.0,-0.27777777777828305,26598.0
1589.0,0.0,26598.0
1590.0,0.0,26598.0
1591.0,0.0,26598.0
1592.0,0.0,26598.0
1593.0,0.0,26598.0
1594.0,-0.27777777777737356,26597.0
1595.0,0.0,26597.0
1596.0,0.0,26597.0
1597.0,0.27777777777737356,26598.0
1598.0,18.055555555555657,26663.0
1599.0,33.33333333333303,26783.0
1600.0,36.66666666666697,26915.0
1601.0,37.5,27050.0
1602.0,39.16666666666697,27191.0
1603.0,39.44444444444434,27333.0
1604.0,39.72222222222172,27476.0
1605.0,40.83333333333394,27623.0
1606.0,42.22222222222172,27775.0
1607.0,41.66666666666697,27925.0
1608.0,48.05555555555566,28098.0
1609.0,38.33333333333303,28236.0
1610.0,43.33333333333303,28392.0
1611.0,44.44444444444525,28552.0
1612.0,45.0,28714.0
1613.0,45.277777777777374,28877.0
1614.0,45.277777777777374,29040.0
1615.0,46.388888888889596,29207.0
1616.0,46.94444444444434,29376.0
1617.0,50.0,29556.0
1618.0,48.61111111111131,29731.0
1619.0,50.0,29911.0
1620.0,47.222222222222626,30081.0
1621.0,42.22222222222081,30233.0
1622.0,41.11111111111131,30381.0
1623.0,40.555555555556566,30527.0
1624.0,39.72222222222081,30670.0
1625.0,41.11111111111131,30818.0
1626.0,40.83333333333394,30965.0
1627.0,41.11111111111131,31113.0
1628.0,43.88888888888869,31271.0
1629.0,43.61111111111131,31428.0
1630.0,42.5,31581.0
1631.0,43.33333333333394,31737.0
1632.0,44.16666666666606,31896.0
1633.0,44.444444444443434,32056.0
1634.0,43.33333333333394,32212.0
1635.0,46.66666666666606,32380.0
1636.0,46.94444444444525,32549.0
1637.0,46.38888888888869,32716.0
1638.0,47.5,32887.0
1639.0,48.88888888888869,33063.0
1640.0,50.555555555556566,33245.0
1641.0,50.277777777777374,33426.0
1642.0,50.83333333333394,33609.0
1643.0,50.55555555555475,33791.0
1644.0,44.44444444444525,33951.0
1645.0,45.277777777777374,34114.0
1646.0,45.83333333333212,34279.0
1647.0,48.888888888890506,34455.0
1648.0,48.611111111109494,34630.0
1649.0,49.16666666666788,34807.0
1650.0,48.88888888888869,34983.0
1651.0,48.33333333333394,35157.0
1652.0,49.16666666666606,35334.0
1653.0,51.38888888888869,35519.0
1654.0,49.722222222222626,35698.0
1655.0,31.388888888888687,35811.0
1656.0,9.16666666666606,35844.0
1657.0,2.7777777777773736,35854.0
1658.0,0.5555555555565661,35856.0
1659.0,0.0,35856.0
1660.0,0.0,35856.0
1661.0,-0.27777777777737356,35855.0
1662.0,-0.27777777777919255,35854.0
1663.0,-0.27777777777737356,35853.0
1664.0,-0.27777777777737356,35852.0
1665.0,-0.27777777777737356,35851.0
1666.0,-0.27777777777737356,35850.0
1667.0,-0.27777777777919255,35849.0
1668.0,-0.27777777777737356,35848.0
1669.0,-0.27777777777737356,35847.0
1670.0,-0.27777777777737356,35846.0
1671.0,-0.5555555555565661,35844.0
1672.0,-0.27777777777737356,35843.0
1673.0,-0.27777777777737356,35842.0
1674.0,-0.27777777777737356,35841.0
1675.0,-0.5555555555565661,35839.0
1676.0,-0.27777777777737356,35838.0
1677.0,-0.27777777777737356,35837.0
1678.0,-0.5555555555565661,35835.0
1679.0,-0.27777777777737356,35834.0
1680.0,-0.27777777777737356,35833.0
1681.0,-0.5555555555565661,35831.0
1682.0,-0.27777777777737356,35830.0
1683.0,-0.5555555555547471,35828.0
1684.0,-0.27777777777919255,35827.0
1685.0,-0.5555555555547471,35825.0
1686.0,-0.27777777777737356,35824.0
1687.0,-0.5555555555565661,35822.0
1688.0,-0.27777777777737356,35821.0
1689.0,-0.5555555555547471,35819.0
1690.0,-0.5555555555565661,35817.0
1691.0,-0.5555555555547471,35815.0
1692.0,-0.27777777777737356,35814.0
1693.0,-0.5555555555565661,35812.0
1694.0,-0.5555555555547471,35810.0
1695.0,-0.27777777777919255,35809.0
1696.0,-0.5555555555547471,35807.0
1697.0,-0.5555555555547471,35805.0
1698.0,-0.5555555555565661,35803.0
1699.0,-0.5555555555547471,35801.0
1700.0,-0.27777777777919255,35800.0
1701.0,-0.5555555555547471,35798.0
1702.0,-0.5555555555547471,35796.0
1703.0,-0.5555555555565661,35794.0
1704.0,-0.5555555555547471,35792.0
1705.0,-0.5555555555565661,35790.0
1706.0,2.2222222222226264,35798.0
1711.0,-1.1111111111109495,35778.0
1712.0,-0.8333333333339397,35775.0
1713.0,-0.5555555555565661,35773.0
1714.0,-0.5555555555547471,35771.0
1715.0,-0.5555555555547471,35769.0
1716.0,-0.8333333333339397,35766.0
1717.0,-0.5555555555565661,35764.0
1718.0,-0.5555555555547471,35762.0
1719.0,-0.5555555555547471,35760.0
1720.0,-0.8333333333339397,35757.0
1721.0,-0.5555555555565661,35755.0
1722.0,-0.5555555555547471,35753.0
1724.0,-0.6944444444443434,35748.0
1725.0,-0.8333333333339397,35745.0
1726.0,-0.5555555555547471,35743.0
1727.0,-0.8333333333339397,35740.0
1728.0,-0.5555555555547471,35738.0
1729.0,-0.8333333333339397,35735.0
1730.0,-0.5555555555547471,35733.0
1731.0,-0.8333333333339397,35730.0
1732.0,-0.8333333333339397,35727.0
1733.0,-0.5555555555547471,35725.0
1734.0,-0.8333333333339397,35722.0
1735.0,-0.5555555555547471,35720.0
1736.0,-0.8333333333339397,35717.0
1737.0,-0.8333333333339397,35714.0
1738.0,-0.5555555555547471,35712.0
1739.0,-0.8333333333339397,35709.0
1740.0,-0.8333333333321207,35706.0
1741.0,-0.8333333333339397,35703.0
1742.0,-0.8333333333339397,35700.0
1743.0,-0.8333333333321207,35697.0
1744.0,-0.5555555555565661,35695.0
1745.0,-0.8333333333339397,35692.0
1746.0,1.9444444444452529,35699.0
1747.0,-3.888888888888687,35685.0
1748.0,-0.5555555555565661,35683.0
1749.0,-0.8333333333321207,35680.0
1750.0,-0.8333333333339397,35677.0
1751.0,-0.8333333333339397,35674.0
1752.0,-0.8333333333321207,35671.0
1753.0,-0.8333333333339397,35668.0
1754.0,-1.1111111111113132,35664.0
1755.0,-0.8333333333321207,35661.0
1756.0,-0.8333333333339397,35658.0
1757.0,-0.8333333333339397,35655.0
1758.0,-0.8333333333321207,35652.0
1759.0,-0.8333333333339397,35649.0
1760.0,-0.8333333333339397,35646.0
1761.0,-1.1111111111113132,35642.0
1762.0,-0.8333333333321207,35639.0
1763.0,-0.8333333333339397,35636.0
1764.0,-1.1111111111113132,35632.0
1765.0,-0.8333333333339397,35629.0
1766.0,-1.1111111111094942,35625.0
1767.0,-0.8333333333339397,35622.0
1768.0,-0.8333333333339397,35619.0
1769.0,-1.1111111111113132,35615.0
1770.0,-0.8333333333321207,35612.0
1771.0,-0.8333333333339397,35609.0
1772.0,-1.1111111111113132,35605.0
1773.0,-1.1111111111113132,35601.0
1774.0,-0.8333333333321207,35598.0
1775.0,-1.1111111111113132,35594.0
1776.0,-1.1111111111113132,35590.0
1777.0,-0.8333333333339397,35587.0
1778.0,-1.1111111111113132,35583.0
1779.0,-0.8333333333321207,35580.0
1780.0,-1.1111111111113132,35576.0
1781.0,-1.1111111111113132,35572.0
1782.0,-1.1111111111113132,35568.0
1783.0,-1.1111111111113132,35564.0
1784.0,-0.8333333333339397,35561.0
1785.0,-1.1111111111113132,35557.0
1786.0,-1.1111111111094942,35553.0
1787.0,-0.8333333333339397,35550.0
1788.0,-1.1111111111113132,35546.0
1789.0,-1.1111111111113132,35542.0
1790.0,-1.1111111111113132,35538.0
1791.0,-1.1111111111113132,35534.0
1792.0,-1.1111111111113132,35530.0
1793.0,-1.1111111111094942,35526.0
1794.0,-1.1111111111113132,35522.0
1795.0,-1.1111111111113132,35518.0
1796.0,-0.8333333333339397,35515.0
1797.0,-1.1111111111113132,35511.0
1798.0,-1.1111111111113132,35507.0
1799.0,-1.3888888888886868,35502.0
1800.0,-0.8333333333321207,35499.0
1801.0,-1.3888888888905058,35494.0
1802.0,-1.1111111111094942,35490.0
1803.0,-1.1111111111113132,35486.0
1804.0,-1.3888888888886868,35481.0
1805.0,-1.1111111111113132,35477.0
1805.0,-1.1111111111113132,35473.0
1807.0,-0.5555555555556566,35469.0
1808.0,-1.1111111111113132,35465.0
1809.0,-1.1111111111113132,35461.0
1810.0,-1.3888888888886868,35456.0
1811.0,-1.1111111111113132,35452.0
1812.0,-1.1111111111113132,35448.0
1813.0,-1.3888888888886868,35443.0
1814.0,-1.1111111111113132,35439.0
1815.0,-1.1111111111113132,35435.0
1816.0,-1.3888888888886868,35430.0
1817.0,-1.3888888888886868,35425.0
1818.0,-1.1111111111113132,35421.0
1819.0,-1.3888888888886868,35416.0
1820.0,-1.1111111111113132,35412.0
1821.0,-1.3888888888886868,35407.0
1822.0,-1.1111111111113132,35403.0
1823.0,-1.3888888888886868,35398.0
1824.0,-1.1111111111113132,35394.0
1825.0,-1.3888888888886868,35389.0
1826.0,-1.1111111111113132,35385.0
1827.0,3.611111111111313,35398.0
1828.0,-6.111111111111313,35376.0
1829.0,-1.3888888888886868,35371.0
1830.0,-1.3888888888886868,35366.0
1831.0,-1.1111111111113132,35362.0
1832.0,-1.3888888888886868,35357.0
1833.0,-1.3888888888886868,35352.0
1834.0,-1.3888888888886868,35347.0
1835.0,-1.1111111111113132,35343.0
1835.0,-1.3888888888886868,35338.0
1837.0,-0.6944444444443434,35333.0
1838.0,-1.3888888888886868,35328.0
1839.0,-1.3888888888905058,35323.0
1840.0,-1.3888888888886868,35318.0
1841.0,-1.3888888888886868,35313.0
1842.0,-1.3888888888886868,35308.0
1843.0,-1.3888888888886868,35303.0
1844.0,-1.3888888888886868,35298.0
1845.0,-1.1111111111113132,35294.0
1846.0,-1.3888888888886868,35289.0
1847.0,-1.6666666666660603,35283.0
1848.0,-1.3888888888905058,35278.0
1849.0,-1.3888888888886868,35273.0
1850.0,-1.3888888888886868,35268.0
1851.0,-1.3888888888886868,35263.0
1852.0,-1.3888888888886868,35258.0
1853.0,-1.3888888888886868,35253.0
1854.0,-1.6666666666660603,35247.0
1855.0,-1.3888888888905058,35242.0
1856.0,-1.3888888888886868,35237.0
1857.0,-1.3888888888886868,35232.0
1858.0,-1.3888888888886868,35227.0
1859.0,-1.3888888888886868,35222.0
1860.0,-1.6666666666660603,35216.0
1861.0,-1.3888888888886868,35211.0
1862.0,-1.3888888888905058,35206.0
1863.0,-1.6666666666660603,35200.0
1864.0,-1.3888888888886868,35195.0
1865.0,-1.3888888888886868,35190.0
1865.0,-1.3888888888886868,35185.0
1867.0,-0.8333333333339397,35179.0
1868.0,-1.3888888888886868,35174.0
1869.0,-1.6666666666660603,35168.0
1870.0,-1.3888888888886868,35163.0
1871.0,-1.6666666666660603,35157.0
1873.0,-1.3888888888895963,35147.0
1874.0,-1.6666666666660603,35141.0
1875.0,-1.6666666666660603,35135.0
1876.0,-1.3888888888886868,35130.0
1877.0,-1.6666666666678793,35124.0
1878.0,-1.6666666666660603,35118.0
1879.0,-1.3888888888886868,35113.0
1880.0,-1.6666666666678793,35107.0
1881.0,-1.3888888888886868,35102.0
1882.0,-1.6666666666660603,35096.0
1883.0,-1.6666666666660603,35090.0
1884.0,-1.3888888888886868,35085.0
1885.0,-1.6666666666678793,35079.0
1886.0,-1.6666666666660603,35073.0
1887.0,-1.6666666666660603,35067.0
1888.0,-1.6666666666678793,35061.0
1889.0,-1.3888888888886868,35056.0
1890.0,-1.6666666666660603,35050.0
1891.0,-1.6666666666678793,35044.0
1892.0,-1.6666666666660603,35038.0
1893.0,-1.6666666666660603,35032.0
1894.0,-1.6666666666678793,35026.0
1895.0,-1.3888888888886868,35021.0
1896.0,-1.6666666666660603,35015.0
1897.0,-1.6666666666660603,35009.0
1898.0,165.0,35603.0
1899.0,-168.33333333333394,34997.0
1900.0,-1.6666666666660603,34991.0
1901.0,-1.6666666666678793,34985.0
1902.0,-1.6666666666660603,34979.0
1903.0,-1.6666666666660603,34973.0
1904.0,-1.6666666666678793,34967.0
1905.0,-1.6666666666660603,34961.0
1906.0,-1.6666666666660603,34955.0
1907.0,-1.6666666666678793,34949.0
1908.0,-1.6666666666660603,34943.0
1909.0,-1.6666666666660603,34937.0
1910.0,-1.6666666666678793,34931.0
1911.0,-1.944444444443434,34924.0
1912.0,-1.6666666666678793,34918.0
1913.0,-1.6666666666660603,34912.0
1914.0,-1.6666666666660603,34906.0
1915.0,-1.6666666666678793,34900.0
1916.0,-1.944444444443434,34893.0
1917.0,-1.6666666666660603,34887.0
1918.0,-1.6666666666678793,34881.0
1919.0,-1.6666666666660603,34875.0
1920.0,-1.6666666666660603,34869.0
1921.0,-1.9444444444452529,34862.0
1922.0,-1.6666666666660603,34856.0
1923.0,-1.6666666666678793,34850.0
1924.0,-1.944444444443434,34843.0
1925.0,-1.6666666666678793,34837.0
1926.0,-1.944444444443434,34830.0
1927.0,-1.6666666666660603,34824.0
1929.0,-1.8055555555556566,34811.0
1930.0,-1.9444444444452529,34804.0
1931.0,-1.6666666666660603,34798.0
1934.0,-1.7592592592591245,34779.0
1935.0,-1.9444444444452529,34772.0
1936.0,-1.9444444444452529,34765.0
1937.0,-1.6666666666660603,34759.0
1938.0,-1.944444444443434,34752.0
1939.0,-1.6666666666678793,34746.0
1940.0,-1.944444444443434,34739.0
1941.0,-1.6666666666678793,34733.0
1943.0,-1.9444444444443434,34719.0
1944.0,-1.944444444443434,34712.0
1945.0,-1.6666666666678793,34706.0
1946.0,-1.944444444443434,34699.0
1947.0,-1.9444444444452529,34692.0
1948.0,-1.6666666666660603,34686.0
1949.0,-1.9444444444452529,34679.0