0,0.0,12.9098405604,106.218341244,0.1
1,0.00281407444069,43.3716482534,131.007252195,0.2
2,0.00281407444069,17.7156003038,152.977637274,0.2
3,0.00413560271257,8.71496513383,170.777777778,0.3
4,0.00413560271257,0.0,188.634345854,0.3
5,0.00413560271257,0.0,210.005139189,0.4
6,0.00617276443372,40.743234423,234.486649617,0.5
7,0.00820992615487,0.0,267.593015557,0.6
8,0.0166875801513,84.7765399648,299.222222222,0.8
9,0.0217428957001,16.3297710095,329.595719904,0.9
10,0.023294223946,0.0,362.049311239,1.09
11,0.0406309250401,101.980594671,395.049311239,1.43
12,0.038548834352,36.8254512011,427.416525352,1.4
13,0.0422313794721,0.0,450.034231851,1.6
14,0.0422313794721,0.0,476.820478586,1.7
15,0.0714383002642,83.4483451204,505.153811919,2.4
16,0.0545476455922,29.1560193599,533.20345698,2.1
17,0.0574632475282,0.0,556.768220477,2.3
18,0.0580966143669,12.6673367741,579.861654689,2.4
19,0.0644047200896,50.4137204526,600.888888889,2.6
20,0.0805477557272,111.016635924,617.093434212,2.8
21,0.0950905592513,179.839434558,625.666666667,2.9
22,0.137346813304,242.723105972,628.777777778,3.1
23,0.17229760694,106.784830383,629.0,3.3
24,0.274614563135,404.799950593,629.0,3.7
25,0.359508407386,444.138491914,629.0,3.9
26,0.451388349739,474.660931613,629.0,4.1
27,0.548771173562,499.167306622,629.0,4.3
28,0.650670112719,519.822084948,629.0,4.5
29,0.809643425461,540.0,629.0,4.8
30,0.919618687855,559.752623933,629.0,5.0
31,1.20909425554,598.149646828,629.0,5.5
32,1.33059552341,616.863031799,629.0,5.7
33,1.09738958877,549.166641376,629.0,5.3
34,1.63981882728,656.231666411,629.0,6.2
35,1.77312766448,676.856705662,629.0,6.4
36,1.9105327728,697.194377487,629.0,6.6
37,1.7617350198,719.927079641,629.0,6.39
38,2.3534274299,741.041834177,629.0,7.2
39,2.50436962474,768.380114266,629.0,7.4
40,2.73988137152,801.698197578,629.0,7.7
41,2.41164176178,839.499851102,629.0,7.3
42,3.18503810471,879.158688747,629.0,8.2
43,3.45464491061,918.220017207,629.0,8.5
44,3.73607094538,957.953547934,629.0,8.8
45,4.02987516136,1000.74122529,629.0,9.1
46,4.33608835507,1040.68006611,629.0,9.4
47,4.54817760959,1080.2124791,629.0,9.6
48,4.98832579477,1120.52844676,629.0,10.0
49,5.3309916592,1163.91064949,629.0,10.3
50,5.68644859002,1205.80222259,629.0,10.6
51,6.05442659294,1247.38446359,629.0,10.9
52,6.56164094898,1288.68731661,629.0,11.3
53,6.95457049137,1330.84296594,629.0,11.6
54,7.36011033432,1372.75598706,629.0,11.9
55,7.91798883362,1416.63650948,629.0,12.3
56,8.49402814416,1463.56004318,629.0,12.7
57,8.93977463371,1508.08322052,629.0,13.0
58,9.55208952371,1553.49122946,629.0,13.4
59,10.182100469,1596.56349701,629.0,13.8
60,10.6681495439,1643.76366914,629.0,14.1
61,11.3348471253,1689.72423786,629.0,14.5
62,12.7249141654,1785.44336231,629.0,15.3
63,13.4488314082,1834.14285158,629.0,15.7
64,14.1926230005,1884.8151103,629.0,16.1
65,14.9566562488,1935.35113093,629.0,16.5
66,15.741298305,1987.85914994,629.0,16.9
67,16.5469183674,2040.24116222,629.0,17.3
68,17.5803663608,2093.55081142,629.0,17.8
69,18.428634575,2147.79025978,629.0,18.2
70,19.2994089005,2206.08136749,629.0,18.6
71,20.416733979,2263.21894654,629.0,19.1
72,21.3334284121,2320.25321894,629.0,19.5
73,22.5083068142,2379.26038928,629.0,20.0
74,23.7134394518,2441.27016121,629.0,20.5
75,24.9492947108,2502.15087475,629.0,21.0
76,25.9625195425,2563.97328379,629.0,21.4
77,27.2601977193,2626.7394237,629.0,21.9
78,28.5892386472,2689.42428784,629.0,22.4
79,29.6775301908,2752.03343003,629.0,22.8
80,31.0699500048,2817.64582586,629.0,23.3
81,32.4951578958,2883.18573803,629.0,23.8
82,33.9533744531,2949.68049117,629.0,24.3
83,35.4455882149,3019.17455607,629.0,24.8
84,36.9720221117,3086.56103131,629.0,25.3
85,38.5323895087,3154.90855652,629.0,25.8
86,40.1271712365,3224.21835489,629.0,26.3
87,42.0833950586,3296.52771868,629.0,26.9
88,43.7502309695,3370.81592497,629.0,27.4
89,45.7949904639,3445.04905625,629.0,28.0
90,47.536314338,3520.24644024,629.0,28.5
91,49.6707019535,3594.37894496,629.0,29.1
92,51.4869204893,3670.4951982,629.0,29.6
93,53.7132557533,3750.62234836,629.0,30.2
94,55.9879572772,3831.71606464,629.0,30.8
95,58.3103899582,3909.72620525,629.0,31.4
96,60.6805280626,3990.73414299,629.0,32.0
97,63.1007767435,4076.76145979,629.0,32.6
98,68.0972619128,4250.71382241,629.0,33.8
99,71.1035364747,4338.64206867,629.0,34.5
100,73.733089185,4426.53363254,629.0,35.1
101,76.4144368495,4511.29191585,629.5,35.7
102,82.3964631163,4691.82541768,630.5,37.0
103,85.7138410277,4786.39718627,632.444444444,37.7
104,89.0959993894,4876.91241849,634.388888889,38.4
105,92.0501858389,4970.37574653,636.777777778,39.0
106,95.5625098908,5064.83583028,639.111111111,39.7
107,102.791295436,5262.00066251,641.833333333,41.1
108,103.853537745,5360.42242932,644.261111111,41.3
109,110.887393344,5460.89387715,646.25,42.6
110,114.745186932,5561.37351737,648.016666667,43.3
111,119.235682029,5664.8642253,649.705555556,44.1
112,120.379606701,5774.38248871,651.327777778,44.3
113,128.545334156,5890.9424475,652.783333333,45.7
114,133.299470776,5994.39910162,654.277777778,46.5
115,138.138765645,6103.83807206,656.111111111,47.3
116,143.066405068,6215.26048415,658.055555556,48.1
117,144.320800104,6328.68988451,659.888888889,48.3
118,159.143633157,6560.73016111,661.555555556,50.6
119,164.439193145,6678.16980916,663.0,51.4
120,170.501037746,6792.59597164,664.277777778,52.3
121,175.979686546,6904.02602798,665.222222222,53.1
122,182.242545629,7013.43859941,666.111111111,54.0
123,184.362835743,7121.82883014,667.055555556,54.3
124,201.71419362,7337.63606768,668.222222222,56.7
125,215.122452552,7560.42941167,669.333333333,58.5
126,229.704604524,7789.2042429,670.388888889,60.4
127,236.765891804,7902.54526899,671.222222222,61.3
128,252.008506013,8142.31179274,672.055555556,63.2
129,260.182898461,8206.47310431,672.722222222,64.2
130,268.393857058,8215.44408905,673.444444444,65.2
131,275.785018947,8209.36010875,674.222222222,66.1
132,283.989323343,8199.2486834,675.166666667,67.1
133,291.363191717,8187.12548083,676.166666667,68.0
134,294.553417892,8173.00874831,677.0,68.39
135,306.068128027,8159.91342982,677.611111111,69.8
136,313.40571383,8145.83279966,678.0,70.7
137,320.731070153,8132.73680626,678.611111111,71.6
138,328.044173705,8118.60442057,679.611111111,72.5
139,335.345454717,8106.46449553,680.777777778,73.4
140,341.831800668,8109.400382,681.666666667,74.2
141,349.135211651,8120.40180238,682.111111111,75.1
142,350.760694138,8134.42306376,682.444444444,75.3
143,362.975105987,8151.45940107,682.722222222,76.8
144,370.319087817,8168.50022255,682.944444444,77.7
145,377.678412567,8185.55477656,683.0,78.6
146,384.233678119,8202.6091037,683.055555556,79.4
147,390.802183816,8218.65513971,683.166666667,80.2
148,397.383524426,8234.69638515,683.333333333,81.0
149,404.802874812,8252.74891726,683.444444444,81.9
150,411.41189534,8269.8024009,683.5,82.7
151,418.034961757,8287.8636421,683.5,83.5
152,424.672477061,8305.9246174,683.5,84.3
153,431.324441039,8323.98532856,683.5,85.1
154,432.991044605,8342.05032899,683.444444444,85.3
155,443.8474521,8360.11504864,683.388888889,86.6
156,451.380138175,8379.18733997,683.277777778,87.5
157,458.091116832,8398.25930211,683.166666667,88.3
158,463.976576571,8417.33995309,682.944444444,89.0
159,470.71808604,8436.4337201,682.555555556,89.8
160,477.474879309,8455.54945247,681.888888889,90.6
161,490.188360575,8495.758902,680.888888889,92.1
162,496.993428293,8516.91039279,679.833333333,92.9
163,502.109014221,8535.04269916,678.888888889,93.5
164,508.945497756,8556.16613748,678.166666667,94.3
165,515.798879774,8577.28890878,677.444444444,95.1
166,522.669159745,8598.41101797,676.722222222,95.9
167,528.695088891,8618.52939892,676.0,96.6
168,534.735450237,8639.64587752,675.333333333,97.3
169,540.790595932,8660.77039313,674.555555556,98.0
170,546.881592762,8742.07769168,673.722222222,98.7
171,552.987385066,8703.04317785,672.666666667,99.4
172,558.215853719,8725.18566501,671.666666667,100.0
173,566.951615132,8746.33716192,670.5,101.0
174,575.709022694,8768.47796086,669.5,102.0
175,575.709022694,8789.62772565,668.333333333,102.0
176,584.509719987,8811.76686154,667.333333333,103.0
177,593.343593452,8855.98006842,666.166666667,104.0
178,611.104770162,8905.19664072,665.111111111,106.0
179,611.104770162,8928.35563279,663.833333333,106.0
180,620.044197252,8950.49854791,662.722222222,107.0
181,638.015478263,9020.78246312,661.444444444,109.0
182,656.129311673,9093.05094649,660.388888889,111.0
183,656.129311673,9117.21047112,659.055555556,111.0
184,674.41596725,9169.4451062,657.666666667,113.0
185,683.612041364,9222.7031225,655.944444444,114.0
186,692.848341438,9249.89702495,654.166666667,115.0
187,702.124860848,9303.14179441,652.555555556,116.0
188,702.124860848,9330.32048379,650.944444444,116.0
189,711.468762309,9357.48243815,649.555555556,117.0
190,720.852863689,9410.72032296,647.944444444,118.0
191,730.277664679,9438.88165587,646.555555556,119.0
192,730.277664679,9465.05611822,644.888888889,119.0
193,739.756312313,9492.23915095,643.111111111,120.0
194,739.756312313,9522.46874681,640.722222222,120.0
195,749.293404855,9551.71633792,638.0,121.0
196,768.482208758,9637.08756463,635.222222222,123.0
197,768.482208758,9666.32154349,632.611111111,123.0
198,778.163140821,9695.54258266,630.166666667,124.0
199,778.163140821,9724.77961031,627.444444444,124.0
200,787.902550308,9754.03936269,624.333333333,125.0
201,797.686255428,9813.37087855,621.0,126.0
202,797.686255428,9842.63148844,617.777777778,126.0
203,807.544502296,9873.86224654,615.055555556,127.0
204,807.544502296,9903.08011694,612.444444444,127.0
205,817.463209293,9934.33387749,609.277777778,128.0
206,817.463209293,9963.61513052,605.555555556,128.0
207,827.441979491,9993.92526599,601.333333333,129.0
208,837.46957088,10061.2575123,597.777777778,130.0
209,837.46957088,10088.4986866,594.5,130.0
210,847.573666403,10119.6923586,592.111111111,131.0
211,847.573666403,10153.9086926,589.388888889,131.0
212,857.744691769,10188.1420398,586.333333333,132.0
213,857.744691769,10220.433013,582.166666667,132.0
214,867.981260678,10252.7048047,578.277777778,133.0
215,867.981260678,10284.9485968,574.833333333,133.0
216,878.282319064,10317.168176,571.777777778,134.0
217,878.282319064,10350.4327547,567.888888889,134.0
218,888.648905923,10382.7409616,563.111111111,135.0
219,888.648905923,10417.0538998,558.222222222,135.0
220,899.082105368,10449.3449908,553.611111111,136.0
221,899.082105368,10483.6000761,549.666666667,136.0
222,899.082105368,10516.8823744,545.111111111,136.0
223,909.616641133,10552.1891566,540.055555556,137.0
224,909.616641133,10587.5783733,533.277777778,137.0
225,920.22141005,10621.9594591,526.5,138.0
226,920.22141005,10657.3674672,519.055555556,138.0
227,930.896960869,10693.7341727,512.333333333,139.0
228,930.896960869,10728.0998277,505.444444444,139.0
229,930.896960869,10763.413457,499.555555556,139.0
230,941.67801708,10798.6989636,494.166666667,140.0
231,941.67801708,10833.9523497,489.388888889,140.0
232,952.529586696,10869.186883,484.95,141.0
233,952.529586696,10904.3887012,481.177777778,141.0
234,952.529586696,10939.5612374,478.016666667,141.0
235,963.486732233,10974.7298368,474.9,142.0
236,963.486732233,11011.922102,471.227777778,142.0
237,974.51726096,11049.1353508,467.0,143.0
238,974.51726096,11085.3537318,462.555555556,143.0
239,974.51726096,11122.5674781,458.166666667,143.0
240,985.658424697,11159.7599962,454.222222222,144.0
241,985.658424697,11196.9498491,450.277777778,144.0
242,996.874968942,11236.1386408,446.333333333,145.0
243,996.874968942,11276.3559995,441.611111111,145.0
244,996.874968942,11312.566866,436.888888889,145.0
245,1008.20713962,11351.7744847,432.222222222,146.0
246,1008.20713962,11389.9592818,428.055555556,146.0
247,1008.20713962,11427.1344565,424.055555556,146.0
248,1019.65335259,11465.2914812,420.5,147.0
249,1019.65335259,11504.4288922,417.444444444,147.0
250,1019.65335259,11543.5505974,414.777777778,147.0
251,1031.21646826,11582.6807478,411.833333333,148.0
252,1031.21646826,11621.8151399,408.722222222,148.0
253,1031.21646826,11660.9613219,405.222222222,148.0
254,1042.89750386,11701.1098839,401.611111111,149.0
255,1042.89750386,11741.2789006,397.333333333,149.0
256,1042.89750386,11781.4470673,393.0,149.0
257,1054.699533,11822.6112189,388.722222222,150.0
258,1054.699533,11862.7595569,384.833333333,150.0
259,1054.699533,11902.9180653,380.555555556,150.0
260,1066.62303627,11944.0884669,375.833333333,151.0
261,1066.62303627,11987.267113,370.777777778,151.0
262,1066.62303627,12629.6914564,366.222222222,151.0
263,1066.62303627,12601.7968681,362.166666667,151.0
264,1078.97928386,12110.6983037,358.388888889,152.0
265,1078.97928386,12152.8290681,354.555555556,152.0
266,1078.97928386,12195.9581388,350.722222222,152.0
267,1091.19630291,12238.0799736,347.055555556,153.0
268,1091.19630291,12279.1963805,343.5,153.0
269,1091.19630291,12324.3109747,340.0,153.0
270,1091.19630291,12368.4218621,336.555555556,153.0
271,1103.58628066,12411.533628,333.0,154.0
272,1103.58628066,12455.6512999,329.166666667,154.0
273,1103.58628066,12500.7673053,325.333333333,154.0
274,1103.58628066,12543.8763768,321.666666667,154.0
275,1116.15170645,12586.9752081,318.333333333,155.0
276,1116.15170645,12631.1004574,313.888888889,155.0
277,1116.15170645,12677.237422,308.888888889,155.0
278,1116.15170645,12723.3846868,303.333333333,155.0
279,1128.89715627,12767.5149588,298.333333333,156.0
280,1128.89715627,12812.6680349,292.222222222,156.0
281,1128.89715627,12858.82973,285.555555556,156.0
282,1128.89715627,12903.9985879,278.333333333,156.0
283,1141.82472525,12951.1393731,272.222222222,157.0
284,1141.82472525,12997.276056,266.111111111,157.0
285,1141.82472525,13043.3978243,260.555555556,157.0
286,1141.82472525,13089.5055429,255.555555556,157.0
287,1141.82472525,13137.5897291,251.666666667,157.0
288,1154.98585088,13184.661526,248.333333333,158.0
289,1154.98585088,13233.7425891,244.444444444,158.0
290,1154.98585088,13282.821915,240.555555556,158.0
291,1154.98585088,13329.8992078,236.666666667,158.0
292,1168.34027836,13378.955751,233.888888889,159.0
293,1168.34027836,13428.0113068,231.111111111,159.0
294,1168.34027836,13477.0752867,227.777777778,159.0
295,1168.34027836,13526.1563728,223.333333333,159.0
296,1168.34027836,13577.2446231,218.333333333,159.0
297,1168.34027836,13627.3128158,214.444444444,159.0
298,1181.99212013,13676.370721,211.111111111,160.0
299,1181.99212013,13726.4190968,208.333333333,160.0
300,1181.99212013,13775.4747287,205.0,160.0
301,1181.99212013,13823.5290558,201.666666667,160.0
302,1181.99212013,13874.5745596,198.888888889,160.0
303,1195.89271705,13926.619275,196.111111111,161.0
304,1195.89271705,13976.6552186,193.888888889,161.0
305,1195.89271705,14028.6983196,191.111111111,161.0
306,1195.89271705,14079.7404648,188.333333333,161.0
307,1195.89271705,14131.7963914,184.444444444,161.0
308,1195.89271705,14184.8579831,180.0,161.0
309,1195.89271705,14239.9178806,175.555555556,161.0
310,1210.15916055,14292.9691302,171.666666667,162.0
311,1210.15916055,14346.0059091,168.888888889,162.0
312,1210.15916055,14400.0419478,166.111111111,162.0
313,1210.15916055,14454.0708948,163.888888889,162.0
314,1210.15916055,14507.1054042,161.111111111,162.0
315,1210.15916055,14561.13314,158.888888889,162.0
316,1210.15916055,14619.1665057,156.111111111,162.0
317,1224.80634038,14675.1931575,153.888888889,163.0
318,1224.80634038,14729.2248755,151.111111111,163.0
319,1224.80634038,14784.2503056,148.888888889,163.0
320,1224.80634038,14841.2753121,146.666666667,163.0
321,1224.80634038,14896.2943043,145.0,163.0
322,1224.80634038,14952.3130169,143.333333333,163.0
323,1224.80634038,15009.3366827,141.111111111,163.0
324,1224.80634038,15069.359969,138.888888889,163.0
325,1239.9047142,15127.3876716,136.111111111,164.0
326,1239.9047142,15243.4120119,133.888888889,164.0
327,1239.9047142,15301.433524,131.666666667,164.0
328,1239.9047142,15359.4498599,130.0,164.0
329,1239.9047142,15418.4659274,128.333333333,164.0
330,1239.9047142,15472.4860636,126.111111111,164.0
331,1239.9047142,15537.5060915,123.888888889,164.0
332,1239.9047142,15598.5255144,121.666666667,164.0
333,1239.9047142,15656.540135,120.0,164.0
334,1239.9047142,15718.5545844,118.333333333,164.0
335,1255.65427996,15780.5769195,115.555555556,165.0
336,1255.65427996,15841.6025128,112.222222222,165.0
337,1255.65427996,15903.6310284,108.333333333,165.0
338,1255.65427996,15965.651068,105.555555556,165.0
339,1255.65427996,16031.666982,103.333333333,165.0
340,1255.65427996,16095.6824193,101.111111111,165.0
341,1255.65427996,16158.69741,98.8888888889,165.0
342,1255.65427996,16221.7119798,96.6666666667,165.0
343,1255.65427996,16285.7229192,95.0,165.0
344,1255.65427996,16349.733603,93.3333333333,165.0
345,1255.65427996,16414.7440499,91.6666666667,165.0
346,1255.65427996,16479.7542457,90.0,165.0
347,1255.65427996,16544.7641936,88.3333333333,165.0
348,1255.65427996,16605.7738419,86.6666666667,165.0
349,1255.65427996,16674.7833569,85.0,165.0
350,1272.36406795,16744.79264,83.3333333333,166.0
351,1272.36406795,16811.8016451,81.6666666667,166.0
352,1272.36406795,16879.8104255,80.0,166.0
353,1272.36406795,16949.8189928,78.3333333333,166.0
354,1272.36406795,17015.8272859,76.6666666667,166.0
355,1272.36406795,17084.8353811,75.0,166.0
356,1272.36406795,17153.8432493,73.3333333333,166.0
357,1272.36406795,17223.8509018,71.6666666667,166.0
358,1272.36406795,17292.8583236,70.0,166.0
359,1272.36406795,17362.8655341,68.3333333333,166.0
360,1272.36406795,17433.8725347,66.6666666667,166.0
361,1272.36406795,17504.877248,65.5555555556,166.0
362,1272.36406795,17577.8818665,64.4444444444,166.0
363,1272.36406795,17648.886364,63.3333333333,166.0
364,1272.36406795,17722.892716,61.6666666667,166.0
365,1272.36406795,17799.8988761,60.0,166.0
366,1272.36406795,17870.9047958,58.3333333333,166.0
367,1272.36406795,17945.9105338,56.6666666667,166.0
368,1272.36406795,18019.9143611,55.5555555556,166.0
369,1272.36406795,18093.9180888,54.4444444444,166.0
370,1272.36406795,18173.921744,53.3333333333,166.0
371,1272.36406795,18251.9268724,51.6666666667,166.0
372,1272.36406795,18326.9302704,50.5555555556,166.0
373,1272.36406795,18402.9335772,49.4444444444,166.0
374,1272.36406795,18480.9367968,48.3333333333,166.0
375,1272.36406795,18558.9413282,46.6666666667,166.0
376,1272.36406795,18636.9443228,45.5555555556,166.0
377,1272.36406795,18714.9472265,44.4444444444,166.0
378,1272.36406795,18794.9500457,43.3333333333,166.0
379,1272.36406795,18873.9540078,41.6666666667,166.0
380,1272.36406795,18954.9566142,40.5555555556,166.0
381,1272.36406795,19035.9591336,39.4444444444,166.0
382,1272.36406795,19117.961569,38.3333333333,166.0
383,1272.36406795,19202.9649939,36.6666666667,166.0
384,1272.36406795,19292.9672369,35.5555555556,166.0
385,1272.36406795,19379.9683952,35.0,166.0
386,1272.36406795,19464.9695243,34.4444444444,166.0
387,1272.36406795,19550.9715843,33.3333333333,166.0
388,1272.36406795,19635.9744658,31.6666666667,166.0
389,1272.36406795,19720.9763287,30.5555555556,166.0
390,1272.36406795,19807.9781155,29.4444444444,166.0
391,1272.36406795,19894.9798246,28.3333333333,166.0
392,1272.36406795,19979.9822044,26.6666666667,166.0
393,1272.36406795,20067.9837282,25.5555555556,166.0
394,1272.36406795,20157.9844975,25.0,166.0
395,1272.36406795,20247.9845664,25.0,166.0
396,1272.36406795,20337.98531,24.4444444444,166.0
397,1272.36406795,20428.9866747,23.3333333333,166.0
398,1272.36406795,20520.9885618,21.6666666667,166.0
399,1272.36406795,20614.9897519,20.5555555556,166.0
400,1272.36406795,20708.9903424,20.0,166.0
401,1272.36406795,20804.9909136,19.4444444444,166.0
402,1272.36406795,20907.9919621,18.3333333333,166.0
403,1272.36406795,21005.9933881,16.6666666667,166.0
404,1272.36406795,21101.9942665,15.5555555556,166.0
405,1272.36406795,21197.9946929,15.0,166.0
406,1272.36406795,21296.9947176,15.0,166.0
407,1272.36406795,21394.9947418,15.0,166.0
408,1272.36406795,21492.9951463,14.4444444444,166.0
409,1250.82007244,21594.9958838,13.3333333333,165.0
410,1250.82007244,21693.9968629,11.6666666667,165.0
411,1250.82007244,21794.9974439,10.5555555556,165.0
412,1250.82007244,21897.9977167,10.0,165.0
413,1250.82007244,22002.9977276,10.0,165.0
414,1250.82007244,22106.9977383,10.0,165.0
415,1250.82007244,22212.9979922,9.44444444444,165.0
416,1250.82007244,22319.9984443,8.33333333333,165.0
417,1250.82007244,22433.9990094,6.66666666667,165.0
418,1250.82007244,22549.9993156,5.55555555556,165.0
419,1250.82007244,22664.9994485,5.0,165.0
420,1250.82007244,22776.9994512,5.0,165.0
421,1250.82007244,22888.9994539,5.0,165.0
422,1250.82007244,23001.9994566,5.0,165.0
423,1250.82007244,23115.9995727,4.44444444444,165.0
424,1250.82007244,23223.9997608,3.33333333333,165.0
425,1250.82007244,23342.9999405,1.66666666667,165.0
426,1250.82007244,23462.9999934,0.555555555556,165.0
427,1250.82007244,23580.0,0.0,165.0
428,1250.82007244,23700.0,0.0,165.0
429,1250.82007244,23822.0,0.0,165.0
430,1250.82007244,23946.0,0.0,165.0
431,1250.82007244,24064.0,0.0,165.0
432,1250.82007244,24189.0,0.0,165.0
433,1250.82007244,24311.9999937,-0.555555555556,165.0
434,1250.82007244,24438.9999432,-1.66666666667,165.0
435,1250.82007244,24566.9997739,-3.33333333333,165.0
436,1250.82007244,24700.9996002,-4.44444444444,165.0
437,1226.05557289,24827.9994965,-5.0,164.0
438,1226.05557289,24959.9994992,-5.0,164.0
439,1226.05557289,25098.999502,-5.0,164.0
440,1226.05557289,25237.9995047,-5.0,164.0
441,1226.05557289,25364.9995072,-5.0,164.0
442,1226.05557289,25490.9995096,-5.0,164.0
443,1226.05557289,25616.999512,-5.0,164.0
444,1226.05557289,25743.9995144,-5.0,164.0
445,1226.05557289,25869.9995168,-5.0,164.0
446,1226.05557289,25999.9995192,-5.0,164.0
447,1226.05557289,26128.9995216,-5.0,164.0
448,1226.05557289,26264.9994124,-5.55555555556,164.0
449,1226.05557289,26399.9991582,-6.66666666667,164.0
450,1226.05557289,26534.9986915,-8.33333333333,164.0
451,1226.05557289,26632.9983254,-9.44444444444,164.0
452,1226.05557289,26661.9981247,-10.0,164.0
453,1226.05557289,26670.9981253,-10.0,164.0
454,1226.05557289,26673.9981255,-10.0,164.0
455,1226.05557289,26674.9981256,-10.0,164.0
456,1226.05557289,26674.9981256,-10.0,164.0
457,1226.05557289,26674.9981256,-10.0,164.0
458,1226.05557289,26674.9981256,-10.0,164.0
459,1226.05557289,26674.9981256,-10.0,164.0
460,1226.05557289,26674.9981256,-10.0,164.0
461,1226.05557289,26674.9981256,-10.0,164.0
462,1226.05557289,26674.9981256,-10.0,164.0
463,1226.05557289,26674.9981256,-10.0,164.0
464,1226.05557289,26674.9981256,-10.0,164.0
465,1226.05557289,26674.9981256,-10.0,164.0
466,1226.05557289,26674.9981256,-10.0,164.0
467,1226.05557289,26674.9981256,-10.0,164.0
468,1226.05557289,26675.9981257,-10.0,164.0
469,1226.05557289,26675.9981257,-10.0,164.0
470,1226.05557289,26675.9981257,-10.0,164.0
471,1226.05557289,26675.9981257,-10.0,164.0
472,1226.05557289,26675.9981257,-10.0,164.0
473,1226.05557289,26675.9981257,-10.0,164.0
474,1226.05557289,26675.9981257,-10.0,164.0
475,1226.05557289,26675.9981257,-10.0,164.0
476,1226.05557289,26675.9981257,-10.0,164.0
477,1226.05557289,26675.9981257,-10.0,164.0
478,1226.05557289,26675.9981257,-10.0,164.0
479,1226.05557289,26675.9981257,-10.0,164.0
480,1226.05557289,26675.9981257,-10.0,164.0
481,1226.05557289,26675.9981257,-10.0,164.0
482,1226.05557289,26675.9981257,-10.0,164.0
483,1226.05557289,26675.9981257,-10.0,164.0
484,1226.05557289,26675.9981257,-10.0,164.0
485,1226.05557289,26675.9981257,-10.0,164.0
486,1226.05557289,26675.9981257,-10.0,164.0
487,1226.05557289,26675.9981257,-10.0,164.0
488,1226.05557289,26675.9981257,-10.0,164.0
489,1226.05557289,26675.9981257,-10.0,164.0
490,1226.05557289,26675.9981257,-10.0,164.0
491,1226.05557289,26675.9981257,-10.0,164.0
492,1226.05557289,26675.9981257,-10.0,164.0
493,1226.05557289,26675.9981257,-10.0,164.0
494,1226.05557289,26675.9981257,-10.0,164.0
495,1226.05557289,26675.9981257,-10.0,164.0
496,1226.05557289,26675.9981257,-10.0,164.0
497,1226.05557289,26675.9981257,-10.0,164.0
498,1226.05557289,26675.9981257,-10.0,164.0
499,1226.05557289,26675.9981257,-10.0,164.0
500,1226.05557289,26675.9981257,-10.0,164.0
501,1226.05557289,26675.9981257,-10.0,164.0
502,1226.05557289,26675.9981257,-10.0,164.0
503,1226.05557289,26675.9981257,-10.0,164.0
504,1226.05557289,26675.9981257,-10.0,164.0
505,1226.05557289,26675.9981257,-10.0,164.0
506,1226.05557289,26675.9981257,-10.0,164.0
507,1226.05557289,26675.9983281,-9.44444444444,164.0
508,1226.05557289,26675.9986984,-8.33333333333,164.0
509,1226.05557289,26675.999167,-6.66666666667,164.0
510,1226.05557289,26675.9994215,-5.55555555556,164.0
511,1226.05557289,26675.9995314,-5.0,164.0
512,1226.05557289,26675.9995314,-5.0,164.0
513,1226.05557289,26675.9995314,-5.0,164.0
514,1226.05557289,26675.9995314,-5.0,164.0
515,1226.05557289,26675.9995314,-5.0,164.0
516,1226.05557289,26675.9995314,-5.0,164.0
517,1226.05557289,26675.9995314,-5.0,164.0
518,1226.05557289,26675.9995314,-5.0,164.0
519,1226.05557289,26675.9995314,-5.0,164.0
520,1226.05557289,26675.9995314,-5.0,164.0
521,1226.05557289,26675.9995314,-5.0,164.0
522,1226.05557289,26675.9995314,-5.0,164.0
523,1226.05557289,26675.9995314,-5.0,164.0
524,1226.05557289,26675.9995314,-5.0,164.0
525,1226.05557289,26675.9995314,-5.0,164.0
526,1226.05557289,26675.9995314,-5.0,164.0
527,1226.05557289,26675.9995314,-5.0,164.0
528,1226.05557289,26675.9995314,-5.0,164.0
529,1226.05557289,26675.9995314,-5.0,164.0
530,1226.05557289,26675.9995314,-5.0,164.0
531,1226.05557289,26675.9995314,-5.0,164.0
532,1226.05557289,26675.9995314,-5.0,164.0
533,1226.05557289,26675.9995314,-5.0,164.0
534,1226.05557289,26675.9995314,-5.0,164.0
535,1226.05557289,26675.9996298,-4.44444444444,164.0
536,1226.05557289,26675.9997917,-3.33333333333,164.0
537,1226.05557289,26675.9999479,-1.66666666667,164.0
538,1226.05557289,26675.9999942,-0.555555555556,164.0
539,1226.05557289,26676.0,0.0,164.0
540,1226.05557289,26676.0,0.0,164.0
541,1226.05557289,26676.0,0.0,164.0
542,1226.05557289,26676.0,0.0,164.0
543,1226.05557289,26676.0,0.0,164.0
544,1226.05557289,26676.0,0.0,164.0
545,1226.05557289,26676.0,0.0,164.0
546,1226.05557289,26676.0,0.0,164.0
547,1226.05557289,26676.0,0.0,164.0
548,1226.05557289,26676.0,0.0,164.0
549,1226.05557289,26676.0,0.0,164.0
550,1226.05557289,26676.0,0.0,164.0
551,1226.05557289,26676.0,0.0,164.0
552,1226.05557289,26676.0,0.0,164.0
553,1226.05557289,26676.0,0.0,164.0
554,1226.05557289,26676.0,0.0,164.0
555,1226.05557289,26676.0,0.0,164.0
556,1226.05557289,26676.0,0.0,164.0
557,1226.05557289,26676.0,0.0,164.0
558,1226.05557289,26676.0,0.0,164.0
559,1226.05557289,26676.0,0.0,164.0
560,1226.05557289,26676.0,0.0,164.0
561,1226.05557289,26677.0,0.0,164.0
562,1226.05557289,26677.0,0.0,164.0
563,1226.05557289,26677.0,0.0,164.0
564,1226.05557289,26677.0,0.0,164.0
565,1226.05557289,26677.0,0.0,164.0
566,1226.05557289,26677.0,0.0,164.0
567,1226.05557289,26677.0,0.0,164.0
568,1226.05557289,26677.0,0.0,164.0
569,1226.05557289,26677.0,0.0,164.0
570,1226.05557289,26677.0,0.0,164.0
571,1226.05557289,26677.0,0.0,164.0
572,1226.05557289,26677.0,0.0,164.0
573,1226.05557289,26677.0,0.0,164.0
574,1226.05557289,26676.0,0.0,164.0
575,1226.05557289,26677.0,0.0,164.0
576,1226.05557289,26677.0,0.0,164.0
577,1226.05557289,26677.0,0.0,164.0
578,1226.05557289,26677.0,0.0,164.0
579,1226.05557289,26677.0,0.0,164.0
580,1226.05557289,26677.0,0.0,164.0
581,1226.05557289,26677.0,0.0,164.0
582,1226.05557289,26677.0,0.0,164.0
583,1226.05557289,26677.0,0.0,164.0
584,1226.05557289,26677.0,0.0,164.0
585,1226.05557289,26677.0,0.0,164.0
586,1226.05557289,26676.0,0.0,164.0
587,1226.05557289,26676.0,0.0,164.0
588,1226.05557289,26676.0,0.0,164.0
589,1226.05557289,26676.0,0.0,164.0
590,1226.05557289,26676.0,0.0,164.0
591,1226.05557289,26676.0,0.0,164.0
592,1226.05557289,26677.0,0.0,164.0
593,1226.05557289,26676.0,0.0,164.0
594,1226.05557289,26676.0,0.0,164.0
595,1226.05557289,26676.0,0.0,164.0
596,1226.05557289,26676.0,0.0,164.0
597,1226.05557289,26676.0,0.0,164.0
598,1226.05557289,26676.0,0.0,164.0
599,1226.05557289,26676.0,0.0,164.0
600,1226.05557289,26676.0,0.0,164.0
601,1226.05557289,26676.0,0.0,164.0
602,1226.05557289,26676.0,0.0,164.0
603,1226.05557289,26676.0,0.0,164.0
604,1226.05557289,26676.0,0.0,164.0
605,1226.05557289,26676.0,0.0,164.0
606,1226.05557289,26676.0,0.0,164.0
607,1226.05557289,26676.0,0.0,164.0
608,1226.05557289,26676.0,0.0,164.0
609,1226.05557289,26676.0,0.0,164.0
610,1226.05557289,26676.0,0.0,164.0
611,1226.05557289,26676.0,0.0,164.0
612,1226.05557289,26676.0,0.0,164.0
613,1226.05557289,26676.0,0.0,164.0
614,1226.05557289,26676.0,0.0,164.0
615,1226.05557289,26676.0,0.0,164.0
616,1226.05557289,26676.0,0.0,164.0
617,1226.05557289,26676.0,0.0,164.0
618,1226.05557289,26676.0,0.0,164.0
619,1226.05557289,26676.0,0.0,164.0
620,1226.05557289,26676.0,0.0,164.0
621,1226.05557289,26676.0,0.0,164.0
622,1226.05557289,26676.0,0.0,164.0
623,1226.05557289,26676.0,0.0,164.0
624,1226.05557289,26676.0,0.0,164.0
625,1226.05557289,26676.0,0.0,164.0
626,1226.05557289,26676.0,0.0,164.0
627,1226.05557289,26676.0,0.0,164.0
628,1226.05557289,26676.0,0.0,164.0
629,1226.05557289,26676.0,0.0,164.0
630,1226.05557289,26676.0,0.0,164.0
631,1226.05557289,26676.0,0.0,164.0
632,1226.05557289,26676.0,0.0,164.0
633,1226.05557289,26676.0,0.0,164.0
634,1226.05557289,26676.0,0.0,164.0
635,1226.05557289,26676.0,0.0,164.0
636,1226.05557289,26676.0,0.0,164.0
637,1226.05557289,26676.0,0.0,164.0
638,1226.05557289,26676.0,0.0,164.0
639,1226.05557289,26676.0,0.0,164.0
640,1226.05557289,26676.0,0.0,164.0
641,1226.05557289,26676.0,0.0,164.0
642,1226.05557289,26676.0,0.0,164.0
643,1226.05557289,26676.0,0.0,164.0
644,1226.05557289,26676.0,0.0,164.0
645,1226.05557289,26676.0,0.0,164.0
646,1226.05557289,26676.0,0.0,164.0
647,1226.05557289,26676.0,0.0,164.0
648,1226.05557289,26676.0,0.0,164.0
649,1226.05557289,26676.0,0.0,164.0
650,1226.05557289,26676.0,0.0,164.0
651,1226.05557289,26676.0,0.0,164.0
652,1226.05557289,26676.0,0.0,164.0
653,1226.05557289,26676.0,0.0,164.0
654,1226.05557289,26676.0,0.0,164.0
655,1226.05557289,26676.0,0.0,164.0
656,1226.05557289,26676.0,0.0,164.0
657,1226.05557289,26676.0,0.0,164.0
658,1226.05557289,26676.0,0.0,164.0
659,1226.05557289,26676.0,0.0,164.0
660,1226.05557289,26676.0,0.0,164.0
661,1226.05557289,26676.0,0.0,164.0
662,1226.05557289,26676.0,0.0,164.0
663,1226.05557289,26676.0,0.0,164.0
664,1226.05557289,26676.0,0.0,164.0
665,1226.05557289,26676.0,0.0,164.0
666,1226.05557289,26676.0,0.0,164.0
667,1226.05557289,26676.0,0.0,164.0
668,1226.05557289,26676.0,0.0,164.0
669,1226.05557289,26676.0,0.0,164.0
670,1226.05557289,26676.0,0.0,164.0
671,1226.05557289,26676.0,0.0,164.0
672,1226.05557289,26676.0,0.0,164.0
673,1226.05557289,26676.0,0.0,164.0
674,1226.05557289,26676.0,0.0,164.0
675,1226.05557289,26676.0,0.0,164.0
676,1226.05557289,26676.0,0.0,164.0
677,1226.05557289,26676.0,0.0,164.0
678,1226.05557289,26676.0,0.0,164.0
679,1226.05557289,26676.0,0.0,164.0
680,1226.05557289,26676.0,0.0,164.0
681,1226.05557289,26676.0,0.0,164.0
682,1226.05557289,26676.0,0.0,164.0
683,1226.05557289,26676.0,0.0,164.0
684,1226.05557289,26676.0,0.0,164.0
685,1226.05557289,26676.0,0.0,164.0
686,1226.05557289,26676.0,0.0,164.0
687,1226.05557289,26676.0,0.0,164.0
688,1226.05557289,26676.0,0.0,164.0
689,1226.05557289,26676.0,0.0,164.0
690,1226.05557289,26676.0,0.0,164.0
691,1226.05557289,26676.0,0.0,164.0
692,1226.05557289,26676.0,0.0,164.0
693,1226.05557289,26676.0,0.0,164.0
694,1226.05557289,26676.0,0.0,164.0
695,1226.05557289,26676.0,0.0,164.0
696,1226.05557289,26676.0,0.0,164.0
697,1226.05557289,26676.0,0.0,164.0
698,1226.05557289,26676.0,0.0,164.0
699,1226.05557289,26676.0,0.0,164.0
700,1226.05557289,26676.0,0.0,164.0
701,1226.05557289,26676.0,0.0,164.0
702,1226.05557289,26676.0,0.0,164.0
703,1226.05557289,26676.0,0.0,164.0
704,1226.05557289,26676.0,0.0,164.0
705,1226.05557289,26676.0,0.0,164.0
706,1226.05557289,26676.0,0.0,164.0
707,1226.05557289,26676.0,0.0,164.0
708,1226.05557289,26676.0,0.0,164.0
709,1226.05557289,26676.0,0.0,164.0
710,1226.05557289,26676.0,0.0,164.0
711,1226.05557289,26676.0,0.0,164.0
712,1226.05557289,26676.0,0.0,164.0
713,1226.05557289,26676.0,0.0,164.0
714,1226.05557289,26676.0,0.0,164.0
715,1226.05557289,26676.0,0.0,164.0
716,1226.05557289,26676.0,0.0,164.0
717,1226.05557289,26676.0,0.0,164.0
718,1226.05557289,26676.0,0.0,164.0
719,1226.05557289,26676.0,0.0,164.0
720,1226.05557289,26676.0,0.0,164.0
721,1226.05557289,26676.0,0.0,164.0
722,1226.05557289,26676.0,0.0,164.0
723,1226.05557289,26676.0,0.0,164.0
724,1226.05557289,26676.0,0.0,164.0
725,1226.05557289,26676.0,0.0,164.0
726,1226.05557289,26676.0,0.0,164.0
727,1226.05557289,26676.0,0.0,164.0
728,1226.05557289,26676.0,0.0,164.0
729,1226.05557289,26676.0,0.0,164.0
730,1226.05557289,26676.0,0.0,164.0
731,1226.05557289,26676.0,0.0,164.0
732,1226.05557289,26676.0,0.0,164.0
733,1226.05557289,26676.0,0.0,164.0
734,1226.05557289,26676.0,0.0,164.0
735,1226.05557289,26676.0,0.0,164.0
736,1226.05557289,26676.0,0.0,164.0
737,1226.05557289,26676.0,0.0,164.0
738,1226.05557289,26676.0,0.0,164.0
739,1226.05557289,26676.0,0.0,164.0
740,1226.05557289,26676.0,0.0,164.0
741,1226.05557289,26676.0,0.0,164.0
742,1226.05557289,26676.0,0.0,164.0
743,1226.05557289,26676.0,0.0,164.0
744,1226.05557289,26676.0,0.0,164.0
745,1226.05557289,26676.0,0.0,164.0
746,1226.05557289,26676.0,0.0,164.0
747,1226.05557289,26676.0,0.0,164.0
748,1226.05557289,26676.0,0.0,164.0
749,1226.05557289,26676.0,0.0,164.0
750,1226.05557289,26676.0,0.0,164.0
751,1226.05557289,26676.0,0.0,164.0
752,1226.05557289,26676.0,0.0,164.0
753,1226.05557289,26676.0,0.0,164.0
754,1226.05557289,26676.0,0.0,164.0
755,1226.05557289,26676.0,0.0,164.0
756,1226.05557289,26676.0,0.0,164.0
757,1226.05557289,26676.0,0.0,164.0
758,1226.05557289,26676.0,0.0,164.0
759,1226.05557289,26676.0,0.0,164.0
760,1226.05557289,26676.0,0.0,164.0
761,1226.05557289,26676.0,0.0,164.0
762,1226.05557289,26676.0,0.0,164.0
763,1226.05557289,26676.0,0.0,164.0
764,1226.05557289,26676.0,0.0,164.0
765,1226.05557289,26676.0,0.0,164.0
766,1226.05557289,26676.0,0.0,164.0
767,1226.05557289,26676.0,0.0,164.0
768,1226.05557289,26676.0,0.0,164.0
769,1226.05557289,26676.0,0.0,164.0
770,1226.05557289,26676.0,0.0,164.0
771,1226.05557289,26676.0,0.0,164.0
772,1226.05557289,26676.0,0.0,164.0
773,1226.05557289,26676.0,0.0,164.0
774,1226.05557289,26676.0,0.0,164.0
775,1226.05557289,26676.0,0.0,164.0
776,1226.05557289,26676.0,0.0,164.0
777,1226.05557289,26676.0,0.0,164.0
778,1226.05557289,26676.0,0.0,164.0
779,1226.05557289,26676.0,0.0,164.0
780,1226.05557289,26676.0,0.0,164.0
781,1226.05557289,26676.0,0.0,164.0
782,1226.05557289,26676.0,0.0,164.0
783,1226.05557289,26676.0,0.0,164.0
784,1226.05557289,26676.0,0.0,164.0
785,1226.05557289,26676.0,0.0,164.0
786,1226.05557289,26676.0,0.0,164.0
787,1226.05557289,26676.0,0.0,164.0
788,1226.05557289,26676.0,0.0,164.0
789,1226.05557289,26676.0,0.0,164.0
790,1226.05557289,26676.0,0.0,164.0
791,1226.05557289,26676.0,0.0,164.0
792,1226.05557289,26676.0,0.0,164.0
793,1226.05557289,26676.0,0.0,164.0
794,1226.05557289,26676.0,0.0,164.0
795,1226.05557289,26676.0,0.0,164.0
796,1226.05557289,26676.0,0.0,164.0
797,1226.05557289,26676.0,0.0,164.0
798,1226.05557289,26676.0,0.0,164.0
799,1226.05557289,26676.0,0.0,164.0
800,1226.05557289,26676.0,0.0,164.0
801,1226.05557289,26676.0,0.0,164.0
802,1226.05557289,26676.0,0.0,164.0
803,1226.05557289,26676.0,0.0,164.0
804,1226.05557289,26676.0,0.0,164.0
805,1226.05557289,26676.0,0.0,164.0
806,1226.05557289,26676.0,0.0,164.0
807,1226.05557289,26676.0,0.0,164.0
808,1226.05557289,26676.0,0.0,164.0
809,1226.05557289,26676.0,0.0,164.0
810,1226.05557289,26676.0,0.0,164.0
811,1226.05557289,26676.0,0.0,164.0
812,1226.05557289,26676.0,0.0,164.0
813,1226.05557289,26676.0,0.0,164.0
814,1226.05557289,26676.0,0.0,164.0
815,1226.05557289,26676.0,0.0,164.0
816,1226.05557289,26676.0,0.0,164.0
817,1226.05557289,26676.0,0.0,164.0
818,1226.05557289,26676.0,0.0,164.0
819,1226.05557289,26676.0,0.0,164.0
820,1226.05557289,26676.0,0.0,164.0
821,1226.05557289,26676.0,0.0,164.0
822,1226.05557289,26676.0,0.0,164.0
823,1226.05557289,26676.0,0.0,164.0
824,1226.05557289,26676.0,0.0,164.0
825,1226.05557289,26676.0,0.0,164.0
826,1226.05557289,26676.0,0.0,164.0
827,1226.05557289,26676.0,0.0,164.0
828,1226.05557289,26676.0,0.0,164.0
829,1226.05557289,26676.0,0.0,164.0
830,1226.05557289,26676.0,0.0,164.0
831,1226.05557289,26676.0,0.0,164.0
832,1226.05557289,26676.0,0.0,164.0
833,1226.05557289,26676.0,0.0,164.0
834,1226.05557289,26676.0,0.0,164.0
835,1226.05557289,26676.0,0.0,164.0
836,1226.05557289,26676.0,0.0,164.0
837,1226.05557289,26676.0,0.0,164.0
838,1226.05557289,26676.0,0.0,164.0
839,1226.05557289,26676.0,0.0,164.0
840,1226.05557289,26676.0,0.0,164.0
841,1226.05557289,26676.0,0.0,164.0
842,1226.05557289,26676.0,0.0,164.0
843,1226.05557289,26676.0,0.0,164.0
844,1226.05557289,26676.0,0.0,164.0
845,1226.05557289,26676.0,0.0,164.0
846,1226.05557289,26676.0,0.0,164.0
847,1226.05557289,26676.0,0.0,164.0
848,1226.05557289,26676.0,0.0,164.0
849,1226.05557289,26676.0,0.0,164.0
850,1226.05557289,26676.0,0.0,164.0
851,1226.05557289,26676.0,0.0,164.0
852,1226.05557289,26676.0,0.0,164.0
853,1226.05557289,26676.0,0.0,164.0
854,1226.05557289,26676.0,0.0,164.0
855,1226.05557289,26676.0,0.0,164.0
856,1226.05557289,26676.0,0.0,164.0
857,1226.05557289,26676.0,0.0,164.0
858,1226.05557289,26676.0,0.0,164.0
859,1226.05557289,26676.0,0.0,164.0
860,1226.05557289,26676.0,0.0,164.0
861,1226.05557289,26676.0,0.0,164.0
862,1226.05557289,26676.0,0.0,164.0
863,1226.05557289,26676.0,0.0,164.0
864,1226.05557289,26676.0,0.0,164.0
865,1226.05557289,26676.0,0.0,164.0
866,1226.05557289,26676.0,0.0,164.0
867,1226.05557289,26676.0,0.0,164.0
868,1226.05557289,26676.0,0.0,164.0
869,1226.05557289,26676.0,0.0,164.0
870,1226.05557289,26676.0,0.0,164.0
871,1226.05557289,26676.0,0.0,164.0
872,1226.05557289,26676.0,0.0,164.0
873,1226.05557289,26676.0,0.0,164.0
874,1226.05557289,26676.0,0.0,164.0
875,1226.05557289,26676.0,0.0,164.0
876,1226.05557289,26676.0,0.0,164.0
877,1226.05557289,26676.0,0.0,164.0
878,1226.05557289,26676.0,0.0,164.0
879,1226.05557289,26676.0,0.0,164.0
880,1226.05557289,26676.0,0.0,164.0
881,1226.05557289,26676.0,0.0,164.0
882,1226.05557289,26676.0,0.0,164.0
883,1226.05557289,26676.0,0.0,164.0
884,1226.05557289,26676.0,0.0,164.0
885,1226.05557289,26676.0,0.0,164.0
886,1226.05557289,26676.0,0.0,164.0
887,1226.05557289,26676.0,0.0,164.0
888,1226.05557289,26676.0,0.0,164.0
889,1226.05557289,26676.0,0.0,164.0
890,1226.05557289,26676.0,0.0,164.0
891,1226.05557289,26676.0,0.0,164.0
892,1226.05557289,26676.0,0.0,164.0
893,1226.05557289,26676.0,0.0,164.0
894,1226.05557289,26676.0,0.0,164.0
895,1226.05557289,26676.0,0.0,164.0
896,1226.05557289,26676.0,0.0,164.0
897,1226.05557289,26676.0,0.0,164.0
898,1226.05557289,26676.0,0.0,164.0
899,1226.05557289,26676.0,0.0,164.0
900,1226.05557289,26676.0,0.0,164.0
901,1226.05557289,26676.0,0.0,164.0
902,1226.05557289,26676.0,0.0,164.0
903,1226.05557289,26676.0,0.0,164.0
904,1226.05557289,26676.0,0.0,164.0
905,1226.05557289,26676.0,0.0,164.0
906,1226.05557289,26676.0,0.0,164.0
907,1226.05557289,26676.0,0.0,164.0
908,1226.05557289,26676.0,0.0,164.0
909,1226.05557289,26676.0,0.0,164.0
910,1226.05557289,26676.0,0.0,164.0
911,1226.05557289,26676.0,0.0,164.0
912,1226.05557289,26676.0,0.0,164.0
913,1226.05557289,26676.0,0.0,164.0
914,1226.05557289,26676.0,0.0,164.0
915,1226.05557289,26676.0,0.0,164.0
916,1226.05557289,26676.0,0.0,164.0
917,1226.05557289,26676.0,0.0,164.0
918,1226.05557289,26676.0,0.0,164.0
919,1226.05557289,26676.0,0.0,164.0
920,1226.05557289,26676.0,0.0,164.0
921,1226.05557289,26676.0,0.0,164.0
922,1226.05557289,26676.0,0.0,164.0
923,1226.05557289,26676.0,0.0,164.0
924,1226.05557289,26676.0,0.0,164.0
925,1226.05557289,26676.0,0.0,164.0
926,1226.05557289,26676.0,0.0,164.0
927,1226.05557289,26676.0,0.0,164.0
928,1226.05557289,26676.0,0.0,164.0
929,1226.05557289,26676.0,0.0,164.0
930,1226.05557289,26676.0,0.0,164.0
931,1226.05557289,26676.0,0.0,164.0
932,1226.05557289,26676.0,0.0,164.0
933,1226.05557289,26676.0,0.0,164.0
934,1226.05557289,26676.0,0.0,164.0
935,1226.05557289,26676.0,0.0,164.0
936,1226.05557289,26676.0,0.0,164.0
937,1226.05557289,26676.0,0.0,164.0
938,1226.05557289,26676.0,0.0,164.0
939,1226.05557289,26676.0,0.0,164.0
940,1226.05557289,26676.0,0.0,164.0
941,1226.05557289,26676.0,0.0,164.0
942,1226.05557289,26676.0,0.0,164.0
943,1226.05557289,26676.0,0.0,164.0
944,1226.05557289,26676.0,0.0,164.0
945,1226.05557289,26676.0,0.0,164.0
946,1226.05557289,26676.0,0.0,164.0
947,1226.05557289,26676.0,0.0,164.0
948,1226.05557289,26676.0,0.0,164.0
949,1226.05557289,26676.0,0.0,164.0
950,1226.05557289,26676.0,0.0,164.0
951,1226.05557289,26676.0,0.0,164.0
952,1226.05557289,26676.0,0.0,164.0
953,1226.05557289,26676.0,0.0,164.0
954,1226.05557289,26676.0,0.0,164.0
955,1226.05557289,26676.0,0.0,164.0
956,1226.05557289,26676.0,0.0,164.0
957,1226.05557289,26676.0,0.0,164.0
958,1226.05557289,26676.0,0.0,164.0
959,1226.05557289,26676.0,0.0,164.0
960,1226.05557289,26676.0,0.0,164.0
961,1226.05557289,26676.0,0.0,164.0
962,1226.05557289,26676.0,0.0,164.0
963,1226.05557289,26676.0,0.0,164.0
964,1226.05557289,26676.0,0.0,164.0
965,1226.05557289,26676.0,0.0,164.0
966,1226.05557289,26676.0,0.0,164.0
967,1226.05557289,26676.0,0.0,164.0
968,1226.05557289,26676.0,0.0,164.0
969,1226.05557289,26676.0,0.0,164.0
970,1226.05557289,26676.0,0.0,164.0
971,1226.05557289,26676.0,0.0,164.0
972,1226.05557289,26676.0,0.0,164.0
973,1226.05557289,26676.0,0.0,164.0
974,1226.05557289,26676.0,0.0,164.0
975,1226.05557289,26676.0,0.0,164.0
976,1226.05557289,26676.0,0.0,164.0
977,1226.05557289,26676.0,0.0,164.0
978,1226.05557289,26676.0,0.0,164.0
979,1226.05557289,26676.0,0.0,164.0
980,1226.05557289,26676.0,0.0,164.0
981,1226.05557289,26676.0,0.0,164.0
982,1226.05557289,26676.0,0.0,164.0
983,1226.05557289,26676.0,0.0,164.0
984,1226.05557289,26676.0,0.0,164.0
985,1226.05557289,26676.0,0.0,164.0
986,1226.05557289,26676.0,0.0,164.0
987,1226.05557289,26676.0,0.0,164.0
988,1226.05557289,26676.0,0.0,164.0
989,1226.05557289,26676.0,0.0,164.0
990,1226.05557289,26676.0,0.0,164.0
991,1226.05557289,26676.0,0.0,164.0
992,1226.05557289,26676.0,0.0,164.0
993,1226.05557289,26676.0,0.0,164.0
994,1226.05557289,26676.0,0.0,164.0
995,1226.05557289,26676.0,0.0,164.0
996,1226.05557289,26676.0,0.0,164.0
997,1226.05557289,26676.0,0.0,164.0
998,1226.05557289,26676.0,0.0,164.0
999,1226.05557289,26676.0,0.0,164.0
1000,1226.05557289,26676.0,0.0,164.0
1001,1226.05557289,26676.0,0.0,164.0
1002,1226.05557289,26676.0,0.0,164.0
1003,1226.05557289,26676.0,0.0,164.0
1004,1226.05557289,26676.0,0.0,164.0
1005,1226.05557289,26676.0,0.0,164.0
1006,1226.05557289,26676.0,0.0,164.0
1007,1226.05557289,26676.0,0.0,164.0
1008,1226.05557289,26676.0,0.0,164.0
1009,1226.05557289,26676.0,0.0,164.0
1010,1226.05557289,26676.0,0.0,164.0
1011,1226.05557289,26676.0,0.0,164.0
1012,1226.05557289,26676.0,0.0,164.0
1013,1226.05557289,26676.0,0.0,164.0
1014,1226.05557289,26676.0,0.0,164.0
1015,1226.05557289,26676.0,0.0,164.0
1016,1226.05557289,26676.0,0.0,164.0
1017,1226.05557289,26676.0,0.0,164.0
1018,1226.05557289,26676.0,0.0,164.0
1019,1226.05557289,26676.0,0.0,164.0
1020,1226.05557289,26676.0,0.0,164.0
1021,1226.05557289,26676.0,0.0,164.0
1022,1226.05557289,26676.0,0.0,164.0
1023,1226.05557289,26676.0,0.0,164.0
1024,1226.05557289,26676.0,0.0,164.0
1025,1226.05557289,26676.0,0.0,164.0
1026,1226.05557289,26676.0,0.0,164.0
1027,1226.05557289,26676.0,0.0,164.0
1028,1226.05557289,26676.0,0.0,164.0
1029,1226.05557289,26676.0,0.0,164.0
1030,1226.05557289,26676.0,0.0,164.0
1031,1226.05557289,26676.0,0.0,164.0
1032,1226.05557289,26676.0,0.0,164.0
1033,1226.05557289,26676.0,0.0,164.0
1034,1226.05557289,26676.0,0.0,164.0
1035,1226.05557289,26676.0,0.0,164.0
1036,1226.05557289,26676.0,0.0,164.0
1037,1226.05557289,26676.0,0.0,164.0
1038,1226.05557289,26676.0,0.0,164.0
1039,1226.05557289,26676.0,0.0,164.0
1040,1226.05557289,26676.0,0.0,164.0
1041,1226.05557289,26676.0,0.0,164.0
1042,1226.05557289,26676.0,0.0,164.0
1043,1226.05557289,26676.0,0.0,164.0
1044,1226.05557289,26676.0,0.0,164.0
1045,1226.05557289,26676.0,0.0,164.0
1046,1226.05557289,26676.0,0.0,164.0
1047,1226.05557289,26676.0,0.0,164.0
1048,1226.05557289,26676.0,0.0,164.0
1049,1226.05557289,26676.0,0.0,164.0
1050,1226.05557289,26676.0,0.0,164.0
1051,1226.05557289,26676.0,0.0,164.0
1052,1226.05557289,26676.0,0.0,164.0
1053,1226.05557289,26676.0,0.0,164.0
1054,1226.05557289,26676.0,0.0,164.0
1055,1226.05557289,26676.0,0.0,164.0
1056,1226.05557289,26676.0,0.0,164.0
1057,1226.05557289,26676.0,0.0,164.0
1058,1226.05557289,26676.0,0.0,164.0
1059,1226.05557289,26676.0,0.0,164.0
1060,1226.05557289,26676.0,0.0,164.0
1061,1226.05557289,26676.0,0.0,164.0
1062,1226.05557289,26676.0,0.0,164.0
1063,1226.05557289,26676.0,0.0,164.0
1064,1226.05557289,26676.0,0.0,164.0
1065,1226.05557289,26676.0,0.0,164.0
1066,1226.05557289,26676.0,0.0,164.0
1067,1226.05557289,26676.0,0.0,164.0
1068,1226.05557289,26676.0,0.0,164.0
1069,1226.05557289,26676.0,0.0,164.0
1070,1226.05557289,26676.0,0.0,164.0
1071,1226.05557289,26676.0,0.0,164.0
1072,1226.05557289,26676.0,0.0,164.0
1073,1226.05557289,26676.0,0.0,164.0
1074,1226.05557289,26676.0,0.0,164.0
1075,1226.05557289,26676.0,0.0,164.0
1076,1226.05557289,26676.0,0.0,164.0
1077,1226.05557289,26676.0,0.0,164.0
1078,1226.05557289,26676.0,0.0,164.0
1079,1226.05557289,26676.0,0.0,164.0
1080,1226.05557289,26676.0,0.0,164.0
1081,1226.05557289,26676.0,0.0,164.0
1082,1226.05557289,26676.0,0.0,164.0
1083,1226.05557289,26676.0,0.0,164.0
1084,1226.05557289,26676.0,0.0,164.0
1085,1226.05557289,26676.0,0.0,164.0
1086,1226.05557289,26676.0,0.0,164.0
1087,1226.05557289,26676.0,0.0,164.0
1088,1226.05557289,26676.0,0.0,164.0
1089,1226.05557289,26676.0,0.0,164.0
1090,1226.05557289,26676.0,0.0,164.0
1091,1226.05557289,26676.0,0.0,164.0
1092,1226.05557289,26676.0,0.0,164.0
1093,1226.05557289,26676.0,0.0,164.0
1094,1226.05557289,26676.0,0.0,164.0
1095,1226.05557289,26676.0,0.0,164.0
1096,1226.05557289,26676.0,0.0,164.0
1097,1226.05557289,26676.0,0.0,164.0
1098,1226.05557289,26676.0,0.0,164.0
1099,1226.05557289,26676.0,0.0,164.0
1100,1226.05557289,26676.0,0.0,164.0
1101,1226.05557289,26676.0,0.0,164.0
1102,1226.05557289,26676.0,0.0,164.0
1103,1226.05557289,26676.0,0.0,164.0
1104,1226.05557289,26676.0,0.0,164.0
1105,1226.05557289,26676.0,0.0,164.0
1106,1226.05557289,26676.0,0.0,164.0
1107,1226.05557289,26676.0,0.0,164.0
1108,1226.05557289,26676.0,0.0,164.0
1109,1226.05557289,26676.0,0.0,164.0
1110,1226.05557289,26676.0,0.0,164.0
1111,1226.05557289,26676.0,0.0,164.0
1112,1226.05557289,26676.0,0.0,164.0
1113,1226.05557289,26676.0,0.0,164.0
1114,1226.05557289,26676.0,0.0,164.0
1115,1226.05557289,26676.0,0.0,164.0
1116,1226.05557289,26676.0,0.0,164.0
1117,1226.05557289,26676.0,0.0,164.0
1118,1226.05557289,26676.0,0.0,164.0
1119,1226.05557289,26676.0,0.0,164.0
1120,1226.05557289,26676.0,0.0,164.0
1121,1226.05557289,26676.0,0.0,164.0
1122,1226.05557289,26676.0,0.0,164.0
1123,1226.05557289,26676.0,0.0,164.0
1124,1226.05557289,26676.0,0.0,164.0
1125,1226.05557289,26676.0,0.0,164.0
1126,1226.05557289,26676.0,0.0,164.0
1127,1226.05557289,26676.0,0.0,164.0
1128,1226.05557289,26676.0,0.0,164.0
1129,1226.05557289,26676.0,0.0,164.0
1130,1226.05557289,26676.0,0.0,164.0
1131,1226.05557289,26676.0,0.0,164.0
1132,1226.05557289,26676.0,0.0,164.0
1133,1226.05557289,26676.0,0.0,164.0
1134,1226.05557289,26676.0,0.0,164.0
1135,1226.05557289,26676.0,0.0,164.0
1136,1226.05557289,26676.0,0.0,164.0
1137,1226.05557289,26676.0,0.0,164.0
1138,1226.05557289,26676.0,0.0,164.0
1139,1226.05557289,26676.0,0.0,164.0
1140,1226.05557289,26676.0,0.0,164.0
1141,1226.05557289,26676.0,0.0,164.0
1142,1226.05557289,26676.0,0.0,164.0
1143,1226.05557289,26676.0,0.0,164.0
1144,1226.05557289,26676.0,0.0,164.0
1145,1226.05557289,26676.0,0.0,164.0
1146,1226.05557289,26676.0,0.0,164.0
1147,1226.05557289,26676.0,0.0,164.0
1148,1226.05557289,26676.0,0.0,164.0
1149,1226.05557289,26676.0,0.0,164.0
1150,1226.05557289,26676.0,0.0,164.0
1151,1226.05557289,26676.0,0.0,164.0
1152,1226.05557289,26676.0,0.0,164.0
1153,1226.05557289,26676.0,0.0,164.0
1154,1226.05557289,26676.0,0.0,164.0
1155,1226.05557289,26676.0,0.0,164.0
1156,1226.05557289,26676.0,0.0,164.0
1157,1226.05557289,26676.0,0.0,164.0
1158,1226.05557289,26676.0,0.0,164.0
1159,1226.05557289,26676.0,0.0,164.0
1160,1226.05557289,26676.0,0.0,164.0
1161,1226.05557289,26676.0,0.0,164.0
1162,1226.05557289,26676.0,0.0,164.0
1163,1226.05557289,26676.0,0.0,164.0
1164,1226.05557289,26676.0,0.0,164.0
1165,1226.05557289,26676.0,0.0,164.0
1166,1226.05557289,26676.0,0.0,164.0
1167,1226.05557289,26676.0,0.0,164.0
1168,1226.05557289,26676.0,0.0,164.0
1169,1226.05557289,26676.0,0.0,164.0
1170,1226.05557289,26676.0,0.0,164.0
1171,1226.05557289,26676.0,0.0,164.0
1172,1226.05557289,26676.0,0.0,164.0
1173,1226.05557289,26676.0,0.0,164.0
1174,1226.05557289,26676.0,0.0,164.0
1175,1226.05557289,26676.0,0.0,164.0
1176,1226.05557289,26676.0,0.0,164.0
1177,1226.05557289,26676.0,0.0,164.0
1178,1226.05557289,26676.0,0.0,164.0
1179,1226.05557289,26676.0,0.0,164.0
1180,1226.05557289,26676.0,0.0,164.0
1181,1226.05557289,26676.0,0.0,164.0
1182,1226.05557289,26676.0,0.0,164.0
1183,1226.05557289,26676.0,0.0,164.0
1184,1226.05557289,26676.0,0.0,164.0
1185,1226.05557289,26676.0,0.0,164.0
1186,1226.05557289,26676.0,0.0,164.0
1187,1226.05557289,26676.0,0.0,164.0
1188,1226.05557289,26676.0,0.0,164.0
1189,1226.05557289,26676.0,0.0,164.0
1190,1226.05557289,26676.0,0.0,164.0
1191,1226.05557289,26676.0,0.0,164.0
1192,1226.05557289,26676.0,0.0,164.0
1193,1226.05557289,26676.0,0.0,164.0
1194,1226.05557289,26676.0,0.0,164.0
1195,1226.05557289,26676.0,0.0,164.0
1196,1226.05557289,26676.0,0.0,164.0
1197,1226.05557289,26676.0,0.0,164.0
1198,1226.05557289,26676.0,0.0,164.0
1199,1226.05557289,26676.0,0.0,164.0
1200,1226.05557289,26676.0,0.0,164.0
1201,1226.05557289,26676.0,0.0,164.0
1202,1226.05557289,26676.0,0.0,164.0
1203,1226.05557289,26676.0,0.0,164.0
1204,1226.05557289,26676.0,0.0,164.0
1205,1226.05557289,26676.0,0.0,164.0
1206,1226.05557289,26676.0,0.0,164.0
1207,1226.05557289,26676.0,0.0,164.0
1208,1226.05557289,26676.0,0.0,164.0
1209,1226.05557289,26676.0,0.0,164.0
1210,1226.05557289,26676.0,0.0,164.0
1211,1226.05557289,26676.0,0.0,164.0
1212,1226.05557289,26676.0,0.0,164.0
1213,1226.05557289,26676.0,0.0,164.0
1214,1226.05557289,26676.0,0.0,164.0
1215,1226.05557289,26676.0,0.0,164.0
1216,1226.05557289,26676.0,0.0,164.0
1217,1226.05557289,26676.0,0.0,164.0
1218,1226.05557289,26676.0,0.0,164.0
1219,1226.05557289,26676.0,0.0,164.0
1220,1226.05557289,26676.0,0.0,164.0
1221,1226.05557289,26676.0,0.0,164.0
1222,1226.05557289,26676.0,0.0,164.0
1223,1226.05557289,26676.0,0.0,164.0
1224,1226.05557289,26676.0,0.0,164.0
1225,1226.05557289,26676.0,0.0,164.0
1226,1226.05557289,26676.0,0.0,164.0
1227,1226.05557289,26676.0,0.0,164.0
1228,1226.05557289,26676.0,0.0,164.0
1229,1226.05557289,26676.0,0.0,164.0
1230,1226.05557289,26676.0,0.0,164.0
1231,1226.05557289,26676.0,0.0,164.0
1232,1226.05557289,26676.0,0.0,164.0
1233,1226.05557289,26676.0,0.0,164.0
1234,1226.05557289,26676.0,0.0,164.0
1235,1226.05557289,26676.0,0.0,164.0
1236,1226.05557289,26676.0,0.0,164.0
1237,1226.05557289,26676.0,0.0,164.0
1238,1226.05557289,26676.0,0.0,164.0
1239,1226.05557289,26676.0,0.0,164.0
1240,1226.05557289,26676.0,0.0,164.0
1241,1226.05557289,26676.0,0.0,164.0
1242,1226.05557289,26676.0,0.0,164.0
1243,1226.05557289,26676.0,0.0,164.0
1244,1226.05557289,26676.0,0.0,164.0
1245,1226.05557289,26676.0,0.0,164.0
1246,1226.05557289,26676.0,0.0,164.0
1247,1226.05557289,26676.0,0.0,164.0
1248,1226.05557289,26676.0,0.0,164.0
1249,1226.05557289,26676.0,0.0,164.0
1250,1226.05557289,26676.0,0.0,164.0
1251,1226.05557289,26676.0,0.0,164.0
1252,1226.05557289,26676.0,0.0,164.0
1253,1226.05557289,26676.0,0.0,164.0
1254,1226.05557289,26676.0,0.0,164.0
1255,1226.05557289,26676.0,0.0,164.0
1256,1226.05557289,26676.0,0.0,164.0
1257,1226.05557289,26676.0,0.0,164.0
1258,1226.05557289,26676.0,0.0,164.0
1259,1226.05557289,26676.0,0.0,164.0
1260,1226.05557289,26676.0,0.0,164.0
1261,1226.05557289,26676.0,0.0,164.0
1262,1226.05557289,26676.0,0.0,164.0
1263,1226.05557289,26676.0,0.0,164.0
1264,1226.05557289,26676.0,0.0,164.0
1265,1226.05557289,26676.0,0.0,164.0
1266,1226.05557289,26676.0,0.0,164.0
1267,1226.05557289,26676.0,0.0,164.0
1268,1226.05557289,26676.0,0.0,164.0
1269,1226.05557289,26676.0,0.0,164.0
1270,1226.05557289,26676.0,0.0,164.0
1271,1226.05557289,26676.0,0.0,164.0
1272,1226.05557289,26676.0,0.0,164.0
1273,1226.05557289,26676.0,0.0,164.0
1274,1226.05557289,26676.0,0.0,164.0
1275,1226.05557289,26676.0,0.0,164.0
1276,1226.05557289,26676.0,0.0,164.0
1277,1226.05557289,26676.0,0.0,164.0
1278,1226.05557289,26676.0,0.0,164.0
1279,1226.05557289,26676.0,0.0,164.0
1280,1226.05557289,26676.0,0.0,164.0
1281,1226.05557289,26676.0,0.0,164.0
1282,1226.05557289,26676.0,0.0,164.0
1283,1226.05557289,26676.0,0.0,164.0
1284,1226.05557289,26676.0,0.0,164.0
1285,1226.05557289,26676.0,0.0,164.0
1286,1226.05557289,26676.0,0.0,164.0
1287,1226.05557289,26676.0,0.0,164.0
1288,1226.05557289,26676.0,0.0,164.0
1289,1226.05557289,26676.0,0.0,164.0
1290,1226.05557289,26676.0,0.0,164.0
1291,1226.05557289,26676.0,0.0,164.0
1292,1226.05557289,26676.0,0.0,164.0
1293,1226.05557289,26676.0,0.0,164.0
1294,1226.05557289,26676.0,0.0,164.0
1295,1226.05557289,26676.0,0.0,164.0
1296,1226.05557289,26676.0,0.0,164.0
1297,1226.05557289,26676.0,0.0,164.0
1298,1226.05557289,26676.0,0.0,164.0
1299,1226.05557289,26676.0,0.0,164.0
1300,1226.05557289,26676.0,0.0,164.0
1301,1226.05557289,26676.0,0.0,164.0
1302,1226.05557289,26676.0,0.0,164.0
1303,1226.05557289,26676.0,0.0,164.0
1304,1226.05557289,26676.0,0.0,164.0
1305,1226.05557289,26676.0,0.0,164.0
1306,1226.05557289,26676.0,0.0,164.0
1307,1226.05557289,26676.0,0.0,164.0
1308,1226.05557289,26676.0,0.0,164.0
1309,1226.05557289,26676.0,0.0,164.0
1310,1226.05557289,26676.0,0.0,164.0
1311,1226.05557289,26676.0,0.0,164.0
1312,1226.05557289,26676.0,0.0,164.0
1313,1226.05557289,26676.0,0.0,164.0
1314,1226.05557289,26676.0,0.0,164.0
1315,1226.05557289,26676.0,0.0,164.0
1316,1226.05557289,26676.0,0.0,164.0
1317,1226.05557289,26676.0,0.0,164.0
1318,1226.05557289,26676.0,0.0,164.0
1319,1226.05557289,26676.0,0.0,164.0
1320,1226.05557289,26676.0,0.0,164.0
1321,1226.05557289,26676.0,0.0,164.0
1322,1226.05557289,26676.0,0.0,164.0
1323,1226.05557289,26676.0,0.0,164.0
1324,1226.05557289,26676.0,0.0,164.0
1325,1226.05557289,26676.0,0.0,164.0
1326,1226.05557289,26676.0,0.0,164.0
1327,1226.05557289,26676.0,0.0,164.0
1328,1226.05557289,26676.0,0.0,164.0
1329,1226.05557289,26676.0,0.0,164.0
1330,1226.05557289,26676.0,0.0,164.0
1331,1226.05557289,26676.0,0.0,164.0
1332,1226.05557289,26676.0,0.0,164.0
1333,1226.05557289,26676.0,0.0,164.0
1334,1226.05557289,26676.0,0.0,164.0
1335,1226.05557289,26676.0,0.0,164.0
1336,1226.05557289,26676.0,0.0,164.0
1337,1226.05557289,26675.9997192,3.87051224994,164.0
1338,1226.05557289,26675.9949071,16.483750281,164.0
1339,1226.05557289,26675.9758053,35.9281947254,164.0
1340,1226.05557289,26675.9436398,54.8354602532,164.0
1341,1226.05557289,26675.9194494,65.5555555556,164.0
1342,1226.05557289,26675.908157,70.0,164.0
1343,1226.05557289,26675.9037314,71.6666666667,164.0
1344,1226.05557289,26675.8992018,73.3333333333,164.0
1345,1226.05557289,26675.8961241,74.4444444444,164.0
1346,1226.05557289,26675.8945679,75.0,164.0
1347,1226.05557289,26675.8945679,75.0,164.0
1348,1226.05557289,26675.8945679,75.0,164.0
1349,1226.05557289,26675.8945679,75.0,164.0
1350,1226.05557289,26675.8945679,75.0,164.0
1351,1226.05557289,26675.8945679,75.0,164.0
1352,1226.05557289,26675.8945679,75.0,164.0
1353,1226.05557289,26675.8945679,75.0,164.0
1354,1226.05557289,26675.8945679,75.0,164.0
1355,1226.05557289,26675.8945679,75.0,164.0
1356,1226.05557289,26675.8945679,75.0,164.0
1357,1226.05557289,26675.8945679,75.0,164.0
1358,1226.05557289,26675.8945679,75.0,164.0
1359,1226.05557289,26675.8945679,75.0,164.0
1360,1226.05557289,26675.8945679,75.0,164.0
1361,1226.05557289,26675.8945679,75.0,164.0
1362,1226.05557289,26675.8945679,75.0,164.0
1363,1226.05557289,26675.8945679,75.0,164.0
1364,1226.05557289,26675.8945679,75.0,164.0
1365,1226.05557289,26675.8945679,75.0,164.0
1366,1226.05557289,26675.8945679,75.0,164.0
1367,1226.05557289,26675.8945679,75.0,164.0
1368,1226.05557289,26675.8945679,75.0,164.0
1369,1226.05557289,26675.8945679,75.0,164.0
1370,1226.05557289,26675.8945679,75.0,164.0
1371,1226.05557289,26675.8945679,75.0,164.0
1372,1226.05557289,26675.8930002,75.5555555556,164.0
1373,1226.05557289,26675.88983,76.6666666667,164.0
1374,1226.05557289,26675.8849879,78.3333333333,164.0
1375,1226.05557289,26675.881702,79.4444444444,164.0
1376,1226.05557289,26675.8800417,80.0,164.0
1377,1226.05557289,26675.8800417,80.0,164.0
1378,1226.05557289,26675.8800417,80.0,164.0
1379,1226.05557289,26675.8800417,80.0,164.0
1380,1226.05557289,26675.8800417,80.0,164.0
1381,1226.05557289,26675.8800417,80.0,164.0
1382,1226.05557289,26675.8800417,80.0,164.0
1383,1226.05557289,26675.8800417,80.0,164.0
1384,1226.05557289,26675.8800417,80.0,164.0
1385,1226.05557289,26675.8800417,80.0,164.0
1386,1226.05557289,26675.8800417,80.0,164.0
1387,1226.05557289,26675.8800417,80.0,164.0
1388,1226.05557289,26675.8800417,80.0,164.0
1389,1226.05557289,26675.8800417,80.0,164.0
1390,1226.05557289,26675.8800417,80.0,164.0
1391,1226.05557289,26675.8800417,80.0,164.0
1392,1226.05557289,26675.8800417,80.0,164.0
1393,1226.05557289,26675.8800417,80.0,164.0
1394,1226.05557289,26675.8800417,80.0,164.0
1395,1226.05557289,26675.8800417,80.0,164.0
1396,1226.05557289,26675.8800417,80.0,164.0
1397,1226.05557289,26675.8800417,80.0,164.0
1398,1226.05557289,26675.8800417,80.0,164.0
1399,1226.05557289,26675.8800417,80.0,164.0
1400,1226.05557289,26675.8800417,80.0,164.0
1401,1226.05557289,26675.8800417,80.0,164.0
1402,1226.05557289,26675.8783698,80.5555555556,164.0
1403,1226.05557289,26675.8749914,81.6666666667,164.0
1404,1226.05557289,26675.8698369,83.3333333333,164.0
1405,1226.05557289,26675.8663427,84.4444444444,164.0
1406,1226.05557289,26675.8645783,85.0,164.0
1407,1226.05557289,26675.8645783,85.0,164.0
1408,1226.05557289,26675.8645783,85.0,164.0
1409,1226.05557289,26675.8645783,85.0,164.0
1410,1226.05557289,26675.8645783,85.0,164.0
1411,1226.05557289,26675.8645783,85.0,164.0
1412,1226.05557289,26675.8645783,85.0,164.0
1413,1226.05557289,26675.8645783,85.0,164.0
1414,1226.05557289,26675.8645783,85.0,164.0
1415,1226.05557289,26675.8645783,85.0,164.0
1416,1226.05557289,26675.8645783,85.0,164.0
1417,1226.05557289,26675.8645783,85.0,164.0
1418,1226.05557289,26675.8645783,85.0,164.0
1419,1226.05557289,26675.8645783,85.0,164.0
1420,1226.05557289,26675.8645783,85.0,164.0
1421,1226.05557289,26675.8645783,85.0,164.0
1422,1226.05557289,26675.8645783,85.0,164.0
1423,1226.05557289,26675.8645783,85.0,164.0
1424,1226.05557289,26675.8645783,85.0,164.0
1425,1226.05557289,26675.8645783,85.0,164.0
1426,1226.05557289,26675.8645783,85.0,164.0
1427,1226.05557289,26675.8645783,85.0,164.0
1428,1226.05557289,26675.8645783,85.0,164.0
1429,1226.05557289,26675.8645783,85.0,164.0
1430,1226.05557289,26675.8645783,85.0,164.0
1431,1226.05557289,26675.8628023,85.5555555556,164.0
1432,1226.05557289,26675.8592156,86.6666666667,164.0
1433,1226.05557289,26675.8537487,88.3333333333,164.0
1434,1226.05557289,26675.8500463,89.4444444444,164.0
1435,1226.05557289,26675.8481777,90.0,164.0
1436,1226.05557289,26675.8481777,90.0,164.0
1437,1226.05557289,26675.8481777,90.0,164.0
1438,1226.05557289,26675.8481777,90.0,164.0
1439,1439.31835749,26639.8479725,90.0,172.0
1440,1572.47009708,26620.847864,90.0,177.0
1441,1599.08844493,26615.8478355,90.0,178.0
1442,1599.08844493,26613.847824,90.0,178.0
1443,1599.08844493,26612.8478183,90.0,178.0
1444,1625.70129275,26612.8478183,90.0,179.0
1445,1625.70129275,26612.8478183,90.0,179.0
1446,1625.70129275,26612.8478183,90.0,179.0
1447,1625.70129275,26612.8478183,90.0,179.0
1448,1625.70129275,26611.8478126,90.0,179.0
1449,1625.70129275,26611.8478126,90.0,179.0
1450,1625.70129275,26611.8478126,90.0,179.0
1451,1625.70129275,26611.8478126,90.0,179.0
1452,1625.70129275,26611.8478126,90.0,179.0
1453,1625.70129275,26611.8478126,90.0,179.0
1454,1625.70129275,26610.8478069,90.0,179.0
1455,1625.70129275,26610.8478069,90.0,179.0
1456,1625.70129275,26610.8478069,90.0,179.0
1457,1625.70129275,26610.8478069,90.0,179.0
1458,1625.70129275,26610.8478069,90.0,179.0
1459,1625.70129275,26610.8459221,90.5555555556,179.0
1460,1625.70129275,26610.8421179,91.6666666667,179.0
1461,1625.70129275,26609.8363183,93.3333333333,179.0
1462,1625.70129275,26609.8323979,94.4444444444,179.0
1463,1625.70129275,26609.8304204,95.0,179.0
1464,1625.70129275,26609.8304204,95.0,179.0
1465,1625.70129275,26609.8304204,95.0,179.0
1466,1625.70129275,26609.8304204,95.0,179.0
1467,1625.70129275,26609.8304204,95.0,179.0
1468,1625.70129275,26608.830414,95.0,179.0
1469,1625.70129275,26608.830414,95.0,179.0
1470,1625.70129275,26608.830414,95.0,179.0
1471,1625.70129275,26608.830414,95.0,179.0
1472,1625.70129275,26608.830414,95.0,179.0
1473,1625.70129275,26608.830414,95.0,179.0
1474,1652.31012316,26608.830414,95.0,180.0
1475,1652.31012316,26608.830414,95.0,180.0
1476,1652.31012316,26607.8284183,95.5555555556,180.0
1477,1652.31012316,26607.8244048,96.6666666667,180.0
1478,1652.31012316,26607.8182976,98.3333333333,180.0
1479,1652.31012316,26607.8141681,99.4444444444,180.0
1480,1652.31012316,26607.8120859,100.0,180.0
1481,1652.31012316,26607.8120859,100.0,180.0
1482,1652.31012316,26606.8120789,100.0,180.0
1483,1652.31012316,26606.8120789,100.0,180.0
1484,1652.31012316,26606.8120789,100.0,180.0
1485,1652.31012316,26606.8120789,100.0,180.0
1486,1652.31012316,26606.8120789,100.0,180.0
1487,1652.31012316,26606.809985,100.555555556,180.0
1488,1652.31012316,26606.8057626,101.666666667,180.0
1489,1652.31012316,26605.7993344,103.333333333,180.0
1490,1652.31012316,26605.7949958,104.444444444,180.0
1491,1652.31012316,26605.7928091,105.0,180.0
1492,1652.31012316,26605.7928091,105.0,180.0
1493,1652.31012316,26605.7928091,105.0,180.0
1494,1652.31012316,26605.7906108,105.555555556,180.0
1495,1652.31012316,26605.7861794,106.666666667,180.0
1496,1652.31012316,26604.779437,108.333333333,180.0
1497,1652.31012316,26604.7748894,109.444444444,180.0
1498,1652.31012316,26604.7725982,110.0,180.0
1499,1652.31012316,26604.7725982,110.0,180.0
1500,1652.31012316,26604.7702954,110.555555556,180.0
1501,1652.31012316,26604.765655,111.666666667,180.0
1502,1652.31012316,26603.7585983,113.333333333,180.0
1503,1652.31012316,26603.7538417,114.444444444,180.0
1504,1678.91387581,26603.751446,115.0,181.0
1505,1678.91387581,26603.7490387,115.555555556,181.0
1506,1678.91387581,26603.7441893,116.666666667,181.0
1507,1678.91387581,26603.7368282,118.333333333,181.0
1508,1678.91387581,26603.7318627,119.444444444,181.0
1509,1678.91387581,26603.7268509,120.555555556,181.0
1510,1678.91387581,26602.7217822,121.666666667,181.0
1511,1678.91387581,26602.7141076,123.333333333,181.0
1512,1678.91387581,26602.7063285,125.0,181.0
1513,1678.91387581,26602.698445,126.666666667,181.0
1514,1678.91387581,26602.6904571,128.333333333,181.0
1515,1678.91387581,26602.6850738,129.444444444,181.0
1516,1678.91387581,26601.6796321,130.555555556,181.0
1517,1678.91387581,26601.6741558,131.666666667,181.0
1518,1678.91387581,26601.6658543,133.333333333,181.0
1519,1678.91387581,26601.6574484,135.0,181.0
1520,1678.91387581,26601.648938,136.666666667,181.0
1521,1678.91387581,26601.6403233,138.333333333,181.0
1522,1678.91387581,26600.6315902,140.0,181.0
1523,1678.91387581,26600.6227663,141.666666667,181.0
1524,1678.91387581,26600.6138379,143.333333333,181.0
1525,1678.91387581,26600.6048052,145.0,181.0
1526,1678.91387581,26600.5956679,146.666666667,181.0
1527,1678.91387581,26600.5833225,148.888888889,181.0
1528,1678.91387581,26600.5707915,151.111111111,181.0
1529,1678.91387581,26599.5580581,153.333333333,181.0
1530,1678.91387581,26599.5483984,155.0,181.0
1531,1678.91387581,26599.5386343,156.666666667,181.0
1532,1678.91387581,26599.5254529,158.888888889,181.0
1533,1705.51339458,26599.5120859,161.111111111,182.0
1534,1705.51339458,26599.4985333,163.333333333,182.0
1535,1705.51339458,26598.4916682,164.444444444,182.0
1536,1705.51339458,26598.4882277,165.0,182.0
1537,1705.51339458,26598.5086967,161.666666667,182.0
1538,1705.51339458,26598.5629384,152.481511351,182.0
1539,1705.51339458,26598.6446992,137.481511351,182.0
1540,1705.51339458,26598.7154367,123.037066906,182.0
1541,1705.51339458,26598.75618,113.888888889,182.0
1542,1705.51339458,26597.7679199,111.111111111,182.0
1543,1705.51339458,26597.7655933,111.666666667,182.0
1544,1705.51339458,26597.7585438,113.333333333,182.0
1545,1705.51339458,26597.7513899,115.0,182.0
1546,1705.51339458,26597.7441316,116.666666667,182.0
1547,1705.51339458,26597.7342913,118.888888889,182.0
1548,1705.51339458,26596.724255,121.111111111,182.0
1549,1705.51339458,26596.7114611,123.888888889,182.0
1550,1705.51339458,26596.701017,126.111111111,182.0
1551,1705.51339458,26597.6877125,128.888888889,182.0
1552,1705.51339458,26662.6749012,131.666666667,182.0
1553,1705.51339458,26782.6597634,135.0,182.0
1554,1705.51339458,26914.6445061,138.333333333,182.0
1555,1705.51339458,27049.631932,141.111111111,182.0
1556,1705.51339458,27190.6192829,143.888888889,182.0
1557,1705.51339458,27332.6094719,146.111111111,182.0
1558,1705.51339458,27475.5965922,148.888888889,182.0
1559,1705.51339458,27622.5775037,152.777777778,182.0
1560,1705.51339458,27774.5455286,158.888888889,182.0
1561,1733.36291866,27924.5026316,166.666666667,183.0
1562,1733.36291866,28097.4653582,173.333333333,183.0
1563,1733.36291866,28235.4368343,178.333333333,183.0
1564,1733.36291866,28391.4187955,181.666666667,183.0
1565,1733.36291866,28551.4006487,185.0,183.0
1566,1733.36291866,28713.3823601,188.333333333,183.0
1567,1733.36291866,28876.3639139,191.666666667,183.0
1568,1733.36291866,29039.3452922,195.0,183.0
1569,1733.36291866,29206.3265901,198.333333333,183.0
1570,1733.36291866,29375.3077695,201.666666667,183.0
1571,1733.36291866,29555.2851943,205.555555556,183.0
1572,1733.36291866,29730.2622596,209.444444444,183.0
1573,1733.36291866,29910.2392148,213.333333333,183.0
1574,1733.36291866,30080.2236858,216.111111111,183.0
1575,1733.36291866,30232.2076047,218.888888889,183.0
1576,1733.36291866,30380.1913241,221.666666667,183.0
1577,1733.36291866,30526.1667048,225.555555556,183.0
1578,1763.9605708,30669.1375816,230.0,184.0
1579,1763.9605708,30817.1082323,234.444444444,184.0
1580,1763.9605708,30964.082777,238.333333333,184.0
1581,1763.9605708,31112.0614268,241.666666667,184.0
1582,1763.9605708,31270.0358725,245.555555556,184.0
1583,1763.9605708,31427.005648,250.0,184.0
1584,1763.9605708,31579.9749687,254.444444444,184.0
1585,1763.9605708,31735.9485897,258.333333333,184.0
1586,1763.9605708,31894.9266586,261.666666667,184.0
1587,1763.9605708,32054.9000349,265.555555556,184.0
1588,1763.9605708,32210.8684142,270.0,184.0
1589,1796.25542111,32378.8322056,275.0,185.0
1590,1796.25542111,32547.8004142,279.444444444,185.0
1591,1796.25542111,32714.7730883,283.333333333,185.0
1592,1796.25542111,32885.7505802,286.666666667,185.0
1593,1796.25542111,33061.7232834,290.555555556,185.0
1594,1796.25542111,33243.6911308,295.0,185.0
1595,1796.25542111,33424.6537155,300.0,185.0
1596,1829.77155599,33607.6160416,305.0,186.0
1597,1829.77155599,33789.5779938,310.0,186.0
1598,1829.77155599,33949.5386714,315.0,186.0
1599,1829.77155599,34112.4991169,320.0,186.0
1600,1829.77155599,34277.4592991,325.0,186.0
1601,1829.77155599,34453.4249583,329.444444444,186.0
1602,1864.31246899,34628.4010452,332.777777778,187.0
1603,1864.31246899,34805.3878588,335.0,187.0
1604,1864.31246899,34981.3746181,337.222222222,187.0
1605,1864.31246899,35155.3505304,340.555555556,187.0
1606,1864.31246899,35332.3156756,345.0,187.0
1607,1899.73726459,35517.275529,350.0,188.0
1608,1899.73726459,35696.2348014,355.0,188.0
1609,1899.73726459,35809.1904544,360.0,188.0
1610,1899.73726459,35842.1415515,365.0,188.0
1611,1935.58438078,35852.0908177,370.0,189.0
1612,1935.58438078,35854.0389775,375.0,189.0
1613,1935.58438078,35853.9863335,380.0,189.0
1614,1971.43834044,35853.9329921,385.0,190.0
1615,1971.43834044,35852.8788942,390.0,190.0
1616,1971.43834044,35851.8240959,395.0,190.0
1617,1971.43834044,35850.7685971,400.0,190.0
1618,2007.2885778,35849.7061172,405.555555556,191.0
1619,2007.2885778,35848.6363974,411.666666667,191.0
1620,2007.2885778,35847.5591529,418.333333333,191.0
1621,2043.135601,35846.4872465,424.444444444,192.0
1622,2043.135601,35845.4209628,430.0,192.0
1623,2043.135601,35844.3605606,435.0,192.0
1624,2078.97943101,35843.2994575,440.0,193.0
1625,2078.97943101,35841.2375763,445.0,193.0
1626,2078.97943101,35840.1750693,450.0,193.0
1627,2114.81907447,35839.1118612,455.0,194.0
1628,2114.81907447,35838.0479519,460.0,194.0
1629,2150.65608647,35835.976044,465.555555556,195.0
1630,2150.65608647,35834.896045,471.666666667,195.0
1631,2150.65608647,35833.8149992,477.777777778,195.0
1632,2186.48886787,35831.747803,482.777777778,196.0
1633,2186.48886787,35830.6951029,486.666666667,196.0
1634,2222.31903641,35829.6419777,490.555555556,197.0
1635,2222.31903641,35827.5729808,495.555555556,197.0
1636,2222.31903641,35826.4878345,501.666666667,197.0
1637,2258.14447716,35824.3936616,508.333333333,198.0
1638,2258.14447716,35823.306323,514.444444444,198.0
1639,2293.96674327,35821.2259003,520.0,199.0
1640,2293.96674327,35820.1447144,525.555555556,199.0
1641,2329.78584278,35818.05431,531.666666667,200.0
1642,2329.78584278,35816.9546196,538.333333333,200.0
1643,2365.6017511,35814.8620163,544.444444444,201.0
1644,2365.6017511,35812.776896,550.0,201.0
1645,2401.413485,35810.690904,555.555555556,202.0
1646,2401.413485,35809.5954537,561.666666667,202.0
1647,2437.22202774,35807.4900157,568.333333333,203.0
1648,2437.22202774,35805.3922417,574.444444444,203.0
1649,2473.02687063,35804.2935449,580.555555556,204.0
1650,2473.02687063,35802.1936649,586.666666667,204.0
1651,2508.82800923,35800.0835272,593.333333333,205.0
1652,2508.82800923,35797.9721353,600.0,205.0
1653,2544.62492504,35795.859489,606.666666667,206.0
1654,2580.42022765,35794.7457348,613.333333333,207.0
1655,2580.42022765,35792.6402013,619.444444444,207.0
1656,2616.21181456,35790.5336122,625.555555556,208.0
1657,2616.21181456,35788.4259674,631.666666667,208.0
1658,2651.99918122,35786.3073613,638.333333333,209.0
1659,2651.99918122,35784.1975089,644.444444444,209.0
1660,2687.78732915,35792.0983459,650.0,210.0
1661,2795.13348243,35772.0038438,655.0,213.0
1662,2830.90393494,35768.9011763,660.555555556,214.0
1663,2866.67177926,35766.7874509,666.666666667,215.0
1664,2866.67177926,35764.6517495,673.888888889,215.0
1665,2902.43536242,35762.514574,681.111111111,216.0
1666,2938.19630757,35759.3757387,688.333333333,217.0
1667,2938.19630757,35757.2464124,695.0,217.0
1668,2973.95248869,35755.1158282,701.666666667,218.0
1669,3009.7065386,35752.9839858,708.333333333,219.0
1670,3009.7065386,35749.850685,715.0,219.0
1671,3045.45532211,35747.7163218,721.666666667,220.0
1672,3081.20196495,35745.5693756,728.888888889,221.0
1673,3116.9449598,35740.4203169,736.111111111,222.0
1674,3152.68379927,35737.2586291,743.888888889,223.0
1675,3188.41998215,35735.1071231,751.111111111,224.0
1676,3188.41998215,35731.9657007,757.777777778,224.0
1677,3224.1508885,35729.8469941,763.333333333,225.0
1678,3259.87918156,35726.7391304,768.333333333,226.0
1679,3295.60485448,35724.6067131,774.444444444,227.0
1680,3331.32788826,35721.4608524,781.111111111,228.0
1681,3331.32788826,35718.2891992,788.888888889,228.0
1682,3367.04509709,35716.128459,796.111111111,229.0
1683,3402.75963806,35712.9534855,803.888888889,230.0
1684,3438.47150964,35710.7896687,811.111111111,231.0
1685,3474.18071016,35707.6113733,818.888888889,232.0
1686,3474.18071016,35704.4442112,826.111111111,232.0
1687,3509.88407018,35702.2758316,833.333333333,233.0
1688,3545.58477402,35699.1318385,839.444444444,234.0
1689,3581.28233333,35695.9867745,845.555555556,235.0
1690,3616.97674703,35692.8406391,851.666666667,236.0
1691,3652.66800071,35689.6667101,858.888888889,237.0
1692,3652.66800071,35686.4912893,866.111111111,237.0
1693,3688.35339689,35684.301075,873.888888889,238.0
1694,3724.03610871,35681.122561,881.111111111,239.0
1695,3759.72064281,35687.9456524,888.333333333,240.0
1696,3795.40150298,35673.7746811,895.0,241.0
1697,3831.0741934,35671.6061626,901.666666667,242.0
1698,3866.74420744,35668.4219021,908.888888889,243.0
1699,3902.41103646,35665.2361472,916.111111111,244.0
1700,3938.07467898,35662.0488973,923.333333333,245.0
1701,3973.73514075,35658.8746457,930.0,246.0
1702,4009.39242764,35655.6991175,936.666666667,247.0
1703,4009.39242764,35651.507258,943.888888889,247.0
1704,4045.04233097,35648.2994202,951.666666667,248.0
1705,4080.68902561,35645.0898492,959.444444444,249.0
1706,4116.33251734,35641.8936163,966.666666667,250.0
1707,4151.97281968,35638.7110629,973.333333333,251.0
1708,4187.60993119,35635.5119481,980.555555556,252.0
1709,4223.24384283,35632.3113348,987.777777778,253.0
1710,4258.87406067,35628.1243437,994.444444444,254.0
1711,4294.50059887,35624.9520643,1000.55555556,255.0
1712,4330.12396426,35621.7787066,1006.66666667,256.0
1713,4365.74364764,35617.5880648,1013.33333333,257.0
1714,4401.35963995,35614.3965413,1020.0,258.0
1715,4436.97193187,35610.1872995,1027.22222222,259.0
1716,4472.58050593,35606.9608223,1035.0,260.0
1717,4508.18585264,35603.7326064,1042.77777778,261.0
1718,4543.78747825,35599.5186063,1050.0,262.0
1719,4579.38538932,35596.3035324,1057.22222222,263.0
1720,4650.57474656,35593.0537094,1065.55555556,265.0
1721,4686.16565736,35588.767891,1075.0,266.0
1722,4721.75228105,35584.4794995,1084.44444444,267.0
1723,4757.33513238,35581.2231483,1092.77777778,268.0
1724,4792.9142433,35576.998693,1100.0,269.0
1725,4828.48913765,35572.7900071,1106.66666667,270.0
1726,4864.06031421,35569.5631199,1113.88888889,271.0
1727,4899.62777164,35565.351738,1120.55555556,272.0
1728,4935.19151729,35562.1395597,1127.22222222,273.0
1729,4970.75155872,35557.9432976,1133.33333333,274.0
1730,5006.30738552,35553.7103131,1140.55555556,275.0
1731,5077.4105537,35549.4578658,1148.33333333,277.0
1732,5112.9578935,35545.2217233,1155.55555556,278.0
1733,5148.50150574,35542.0027644,1162.22222222,279.0
1734,5184.04140725,35537.8002446,1168.33333333,280.0
1735,5219.57708731,35533.5598855,1175.55555556,281.0
1736,5255.10901728,35530.3000582,1183.33333333,282.0
1737,5326.16535526,35526.0379204,1191.11111111,284.0
1738,5361.6892706,35521.7927648,1198.33333333,285.0
1739,5397.20895888,35517.5837802,1204.44444444,286.0
1740,5432.72443761,35513.3736957,1210.55555556,287.0
1741,5468.23570572,35509.1625109,1216.66666667,288.0
1742,5539.24978017,35504.9119417,1223.88888889,290.0
1743,5574.75256606,35500.659845,1231.11111111,291.0
1744,5610.2510894,35496.3868347,1238.88888889,292.0
1745,5645.74585866,35493.1516825,1245.55555556,293.0
1746,5681.23689181,35488.9146144,1252.22222222,294.0
1747,5752.21052206,35484.7156401,1257.77777778,296.0
1748,5787.69261765,35479.4755351,1264.44444444,297.0
1749,5823.17047312,35476.2353914,1271.11111111,298.0
1750,5858.64406712,35470.9526121,1278.88888889,299.0
1751,5929.58170858,35466.6888532,1286.11111111,301.0
1752,5965.04626479,35462.423562,1293.33333333,302.0
1753,6000.50606479,35457.1764386,1300.0,303.0
1754,6071.4161699,35452.9286692,1306.66666667,305.0
1755,6106.86696373,35448.6590013,1313.88888889,306.0
1756,6142.31348713,35444.3877988,1321.11111111,307.0
1757,6177.75573856,35440.1150613,1328.33333333,308.0
1758,6248.63173627,35435.8826477,1334.44444444,310.0
1759,6284.06502281,35430.6904333,1339.44444444,311.0
1760,6319.49363819,35426.5403272,1343.33333333,312.0
1761,6390.34261052,35422.4320012,1346.11111111,314.0
1762,6425.76247729,35417.3015445,1349.44444444,315.0
1763,6461.17770319,35413.1502395,1353.33333333,316.0
1764,6531.99978798,35408.9345503,1358.88888889,318.0
1765,6567.40610314,35403.6957817,1365.0,319.0
1766,6638.20823329,35398.4343659,1371.66666667,321.0
1767,6673.60453666,35394.1723766,1378.33333333,322.0
1768,6708.996077,35388.9083047,1385.0,323.0
1769,6779.76960713,35384.6218191,1392.22222222,325.0
1770,6815.15157355,35379.3110306,1400.0,326.0
1771,6850.52872868,35374.9992329,1407.77777778,327.0
1772,6921.27345722,35369.7293022,1414.44444444,329.0
1773,6956.64107361,35365.5034744,1420.0,330.0
1774,7027.36680818,35360.2310968,1426.66666667,332.0
1775,7062.72486902,35355.8905983,1435.0,333.0
1776,7133.44925378,35368.4941579,1445.0,335.0
1777,7168.80652221,35346.0426926,1455.55555556,336.0
1778,7204.14983309,35340.5790825,1466.66666667,337.0
1779,7274.82547753,35335.0653552,1478.88888889,339.0
1780,7310.15831943,35330.6184385,1489.44444444,340.0
1781,7380.81415239,35325.214523,1498.88888889,342.0
1782,7416.13671105,35319.9027932,1506.11111111,343.0
1783,7486.77120334,35314.5894953,1513.33333333,345.0
1784,7522.08364782,35310.2994748,1520.0,346.0
1785,7592.69890642,35304.9591285,1527.77777778,348.0
1786,7628.0011703,35299.5686171,1536.66666667,349.0
1787,7698.59486599,35294.1270783,1546.66666667,351.0
1788,7733.88629532,35288.7315713,1555.55555556,352.0
1789,7804.45840985,35283.382957,1563.33333333,354.0
1790,7839.73914232,35278.0819915,1570.0,355.0
1791,7910.29000399,35272.7796781,1576.66666667,357.0
1792,7945.56014431,35267.5009535,1582.77777778,358.0
1793,8016.08994141,35262.2961478,1587.22222222,360.0
1794,8051.35018548,35258.1919894,1589.44444444,361.0
1795,8121.86153932,35253.1618582,1590.0,363.0
1796,8192.36185694,35247.1557576,1590.0,365.0
1797,8227.60651015,35242.1506722,1590.0,366.0
1798,8298.08580641,35237.1455853,1590.0,368.0
1799,8333.32044945,35232.140497,1590.0,369.0
1800,8403.77972536,35227.1354072,1590.0,371.0
1801,8439.00435822,35222.130316,1590.0,372.0
1802,8509.44361376,35217.1252234,1590.0,374.0
1803,8579.87185809,35211.1191103,1590.0,376.0
1804,8615.08047465,35206.1140145,1590.0,377.0
1805,8685.48769759,35201.1089172,1590.0,379.0
1806,8755.88491032,35196.1038185,1590.0,381.0
1807,8791.07851159,35191.0987183,1590.0,382.0
1808,8861.45570392,35186.0936167,1590.0,384.0
1809,8931.82188503,35180.0874928,1590.0,386.0
1810,8966.99946997,35175.082388,1590.0,387.0
1811,9037.34462964,35170.0772817,1590.0,389.0
1812,9072.51170386,35164.0711522,1590.0,390.0
1813,9142.83484106,35159.0660428,1590.0,392.0
1814,9213.14796803,35154.0609318,1590.0,394.0
1815,9248.29952641,35149.0558195,1590.0,395.0
1816,9318.59163191,35143.0496827,1590.0,397.0
1817,9388.87272616,35138.0445671,1590.0,399.0
1818,9459.14280915,35132.0384265,1590.0,401.0
1819,9494.27234502,35127.0333077,1590.0,402.0
1820,9564.52040549,35121.0271632,1590.0,404.0
1821,9669.86847161,35111.0169178,1590.0,407.0
1822,9740.0844993,35105.0107677,1590.0,409.0
1823,9810.28851468,35099.0046155,1590.0,411.0
1824,9880.48151878,35093.9994871,1590.0,413.0
1825,9915.57251519,35087.9933311,1590.0,414.0
1826,9985.7424957,35081.9871729,1590.0,416.0
1827,10055.9014649,35076.9820395,1590.0,418.0
1828,10126.0494228,35070.9758775,1590.0,420.0
1829,10161.1178961,35065.9707409,1590.0,421.0
1830,10231.2438315,35059.964575,1590.0,423.0
1831,10301.3577544,35053.958407,1590.0,425.0
1832,10371.4606661,35048.9532654,1590.0,427.0
1833,10441.5525665,35042.9470935,1590.0,429.0
1834,10476.5925105,35036.9409195,1590.0,430.0
1835,10546.6603861,35030.9347435,1590.0,432.0
1836,10616.7162494,35024.9285652,1590.0,434.0
1837,10686.7611014,35019.9234151,1590.0,436.0
1838,10756.7949421,35013.917233,1590.0,438.0
1839,10826.8167704,35007.9110488,1590.0,440.0
1840,10861.8216783,35001.9048624,1590.0,441.0
1841,10931.8194818,34995.898674,1590.0,443.0
1842,11001.805273,34989.8924834,1590.0,445.0
1843,11071.7800528,34984.887323,1590.0,447.0
1844,11141.7438213,34978.8811285,1590.0,449.0
1845,11211.6955773,34972.8749319,1590.0,451.0
1846,11282.2359305,35567.4782491,1590.0,453.0
1847,11317.5001009,34960.8625323,1590.0,454.0
1848,11387.4158198,34954.8563293,1590.0,456.0
1849,11457.3195262,34948.8501241,1590.0,458.0
1850,11527.2112202,34942.8439169,1590.0,460.0
1851,11597.0909019,34936.8377075,1590.0,462.0
1852,11666.9585711,34930.831496,1590.0,464.0
1853,11736.8142279,34924.8252823,1590.0,466.0
1854,11806.6578722,34918.8190665,1590.0,468.0
1855,11876.4895041,34912.8128486,1590.0,470.0
1856,11946.3091236,34906.8066285,1590.0,472.0
1857,12016.1167306,34900.8004063,1590.0,474.0
1858,12085.9123252,34894.7941819,1590.0,476.0
1859,12155.6949063,34887.7869175,1590.0,478.0
1860,12225.4644739,34881.7806885,1590.0,480.0
1861,12260.3432515,34875.7744574,1590.0,481.0
1862,12330.0887942,34869.7682241,1590.0,483.0
1863,12399.8223244,34863.7619886,1590.0,485.0
1864,12469.5428411,34856.7547112,1590.0,487.0
1865,12539.2503443,34850.7484712,1590.0,489.0
1866,12608.945835,34844.7422289,1590.0,491.0
1867,12678.6293132,34838.7359845,1590.0,493.0
1868,12748.3007789,34832.729738,1590.0,495.0
1869,12817.9592311,34825.7224476,1590.0,497.0
1870,12887.6046697,34819.7161964,1590.0,499.0
1871,12992.0548089,34813.7099431,1590.0,502.0
1872,13061.6752215,34806.7026447,1590.0,504.0
1873,13131.2826206,34800.6963867,1590.0,506.0
1874,13200.877006,34793.6890829,1590.0,508.0
1875,13270.4583779,34787.6828202,1590.0,510.0
1876,13409.5830821,34774.6692436,1590.0,514.0
1877,13479.1254132,34767.6619289,1590.0,516.0
1878,13548.6547308,34761.6556568,1590.0,518.0
1879,13757.1676051,34742.6357808,1590.0,524.0
1880,13826.6458694,34735.6284526,1590.0,526.0
1881,13896.1101189,34728.6211215,1590.0,528.0
1882,13965.5613549,34722.6148353,1590.0,530.0
1883,14069.7186884,34715.6074986,1590.0,533.0
1884,14139.1438971,34709.6012077,1590.0,535.0
1885,14208.5560922,34702.5938656,1590.0,537.0
1886,14277.9552736,34696.58757,1590.0,539.0
1887,14416.7135945,34682.5728717,1590.0,543.0
1888,14486.0717329,34675.5655181,1590.0,545.0
1889,14590.08942,34669.5592127,1590.0,548.0
1890,14659.4215311,34662.5518535,1590.0,550.0
1891,14728.7396274,34655.5444915,1590.0,552.0
1892,14798.0447145,34649.5426468,1589.90262862,554.0
1893,14867.3367992,34642.541983,1589.75657156,556.0