00:00:10,0.1,107
00:00:12,0.2,138
00:00:13,0.2,154
00:00:14,0.3,171
00:00:15,0.3,187
00:00:16,0.4,204
00:00:18,0.5,238
00:00:19,0.6,257
00:00:22,0.8,311
00:00:23,0.9,330
00:00:24,1.09,348
00:00:27,1.43,408
00:00:28,1.4,429
00:00:29,1.6,449
00:00:30,1.7,469
00:00:32,2.40,512
00:00:33,2.1,534
00:00:34,2.3,556
00:00:35,2.4,580
00:00:36,2.6,603
00:00:37,2.8,627
00:00:38,2.9,651
00:00:39,3.1,674
00:00:40,3.3,638
00:00:42,3.7,748
00:00:43,3.9,770
00:00:44,4.1,788
00:00:45,4.3,803
00:00:46,4.5,816
00:00:47,4.8,829
00:00:48,5.0,842
00:00:50,5.5,868
00:00:51,5.7,881
00:00:52,5.3,835
00:00:53,6.2,909
00:00:54,6.4,924
00:00:55,6.6,939
00:00:56,6.39,956
00:00:57,7.2,972
00:00:58,7.4,993
00:00:59,7.7,1019
00:01:00,7.3,1049
00:01:01,8.2,1081
00:01:02,8.5,1113
00:01:03,8.8,1146
00:01:04,9.1,1182
00:01:05,9.4,1216
00:01:06,9.6,1250
00:01:07,10.0,1285
00:01:08,10.3,1323
00:01:09,10.6,1360
00:01:10,10.9,1397
00:01:11,11.3,1434
00:01:12,11.6,1472
00:01:13,11.9,1510
00:01:14,12.3,1550
00:01:15,12.7,1593
00:01:16,13.0,1634
00:01:17,13.4,1676
00:01:18,13.8,1716
00:01:19,14.1,1760
00:01:20,14.5,1803
00:01:22,15.3,1893
00:01:23,15.7,1939
00:01:24,16.1,1987
00:01:25,16.5,2035
00:01:26,16.9,2085
00:01:27,17.3,2135
00:01:28,17.8,2186
00:01:29,18.2,2238
00:01:30,18.6,2294
00:01:31,19.1,2349
00:01:32,19.5,2404
00:01:33,20.0,2461
00:01:34,20.5,2521
00:01:35,21.0,2580
00:01:36,21.4,2640
00:01:37,21.9,2701
00:01:38,22.4,2762
00:01:39,22.8,2823
00:01:40,23.3,2887
00:01:41,23.8,2951
00:01:42,24.3,3016
00:01:43,24.8,3084
00:01:44,25.3,3150
00:01:45,25.8,3217
00:01:46,26.3,3285
00:01:47,26.9,3356
00:01:48,27.4,3429
00:01:49,28.0,3502
00:01:50,28.5,3576
00:01:51,29.1,3649
00:01:52,29.6,3724
00:01:53,30.2,3803
00:01:54,30.8,3883
00:01:55,31.4,3960
00:01:56,32.0,4040
00:01:57,32.6,4125
00:01:59,33.8,4297
00:02:00,34.5,4384
00:02:01,35.1,4471
00:02:02,35.7,4555
00:02:04,37.0,4734
00:02:05,37.7,4828
00:02:06,38.4,4918
00:02:07,39.0,5011
00:02:08,39.7,5105
00:02:10,41.1,5301
00:02:11,41.3,5399
00:02:12,42.6,5499
00:02:13,43.3,5599
00:02:14,44.1,5702
00:02:15,44.3,5811
00:02:16,45.7,5927
00:02:17,46.5,6030
00:02:18,47.3,6139
00:02:19,48.1,6250
00:02:20,48.3,6363
00:02:22,50.6,6594
00:02:23,51.4,6711
00:02:24,52.3,6825
00:02:25,53.1,6936
00:02:26,54.0,7045
00:02:27,54.3,7153
00:02:29,56.7,7368
00:02:31,58.5,7590
00:02:33,60.4,7818
00:02:34,61.3,7931
00:02:36,63.2,8170
00:02:37,64.2,8234
00:02:38,65.2,8243
00:02:39,66.1,8237
00:02:40,67.1,8227
00:02:41,68.0,8215
00:02:42,68.39,8201
00:02:43,69.8,8188
00:02:44,70.7,8174
00:02:45,71.6,8161
00:02:46,72.5,8147
00:02:47,73.4,8135
00:02:48,74.2,8138
00:02:49,75.1,8149
00:02:50,75.3,8163
00:02:51,76.8,8180
00:02:52,77.7,8197
00:02:53,78.6,8214
00:02:54,79.4,8231
00:02:55,80.2,8247
00:02:56,81.0,8263
00:02:57,81.9,8281
00:02:58,82.7,8298
00:02:59,83.5,8316
00:03:00,84.3,8334
00:03:01,85.1,8352
00:03:02,85.3,8370
00:03:03,86.6,8388
00:03:04,87.5,8407
00:03:05,88.3,8426
00:03:06,89.0,8445
00:03:07,89.8,8464
00:03:08,90.6,8483
00:03:10,92.1,8523
00:03:11,92.9,8544
00:03:12,93.5,8562
00:03:13,94.3,8583
00:03:14,95.1,8604
00:03:15,95.9,8625
00:03:15,96.6,8645
00:03:17,97.3,8666
00:03:18,98.0,8687
00:03:19,98.7,8768
00:03:20,99.4,8729
00:03:21,100,8751
00:03:22,101,8772
00:03:23,102,8794
00:03:24,102,8815
00:03:25,103,8837
00:03:27,104,8881
00:03:29,106,8930
00:03:30,106,8953
00:03:31,107,8975
00:03:34,109,9045
00:03:37,111,9117
00:03:38,111,9141
00:03:40,113,9193
00:03:42,114,9246
00:03:43,115,9273
00:03:45,116,9326
00:03:46,116,9353
00:03:47,117,9380
00:03:49,118,9433
00:03:50,119,9461
00:03:51,119,9487
00:03:52,120,9514
00:03:53,120,9544
00:03:54,121,9573
00:03:57,123,9658
00:03:58,123,9687
00:03:59,124,9716
00:04:00,124,9745
00:04:01,125,9774
00:04:03,126,9833
00:04:04,126,9862
00:04:05,127,9893
00:04:06,127,9922
00:04:07,128,9953
00:04:08,128,9982
00:04:09,129,10012
00:04:11,130,10079
00:04:12,130,10106
00:04:13,131,10137
00:04:14,131,10171
00:04:15,132,10205
00:04:16,132,10237
00:04:17,133,10269
00:04:18,133,10301
00:04:19,134,10333
00:04:20,134,10366
00:04:21,135,10398
00:04:22,135,10432
00:04:23,136,10464
00:04:24,136,10498
00:04:25,136,10531
00:04:26,137,10566
00:04:27,137,10601
00:04:28,138,10635
00:04:29,138,10670
00:04:30,139,10706
00:04:31,139,10740
00:04:32,139,10775
00:04:33,140,10810
00:04:34,140,10845
00:04:35,141,10880
00:04:36,141,10915
00:04:37,141,10950
00:04:38,142,10985
00:04:39,142,11022
00:04:40,143,11059
00:04:41,143,11095
00:04:42,143,11132
00:04:43,144,11169
00:04:44,144,11206
00:04:45,145,11245
00:04:46,145,11285
00:04:47,145,11321
00:04:48,146,11360
00:04:49,146,11398
00:04:50,146,11435
00:04:51,147,11473
00:04:52,147,11512
00:04:53,147,11551
00:04:54,148,11590
00:04:55,148,11629
00:04:56,148,11668
00:04:57,149,11708
00:04:58,149,11748
00:04:59,149,11788
00:05:00,150,11829
00:05:01,150,11869
00:05:02,150,11909
00:05:03,151,11950
00:05:04,151,11993
00:05:05,151,12635
00:05:05,151,12607
00:05:07,152,12116
00:05:08,152,12158
00:05:09,152,12201
00:05:10,153,12243
00:05:11,153,12284
00:05:12,153,12329
00:05:13,153,12373
00:05:14,154,12416
00:05:15,154,12460
00:05:16,154,12505
00:05:17,154,12548
00:05:18,155,12591
00:05:19,155,12635
00:05:20,155,12681
00:05:21,155,12727
00:05:22,156,12771
00:05:23,156,12816
00:05:24,156,12862
00:05:25,156,12907
00:05:26,157,12954
00:05:27,157,13000
00:05:28,157,13046
00:05:29,157,13092
00:05:30,157,13140
00:05:31,158,13187
00:05:32,158,13236
00:05:33,158,13285
00:05:34,158,13332
00:05:35,159,13381
00:05:36,159,13430
00:05:37,159,13479
00:05:38,159,13528
00:05:39,159,13579
00:05:40,159,13629
00:05:41,160,13678
00:05:42,160,13728
00:05:43,160,13777
00:05:44,160,13825
00:05:45,160,13876
00:05:46,161,13928
00:05:47,161,13978
00:05:48,161,14030
00:05:49,161,14081
00:05:50,161,14133
00:05:51,161,14186
00:05:52,161,14241
00:05:53,162,14294
00:05:54,162,14347
00:05:55,162,14401
00:05:56,162,14455
00:05:57,162,14508
00:05:58,162,14562
00:05:59,162,14620
00:06:00,163,14676
00:06:01,163,14730
00:06:02,163,14785
00:06:03,163,14842
00:06:04,163,14897
00:06:05,163,14953
00:06:06,163,15010
00:06:07,163,15070
00:06:08,164,15128
00:06:10,164,15244
00:06:11,164,15302
00:06:12,164,15360
00:06:13,164,15419
00:06:14,164,15473
00:06:15,164,15538
00:06:16,164,15599
00:06:17,164,15657
00:06:18,164,15719
00:06:19,165,15781
00:06:20,165,15842
00:06:21,165,15904
00:06:22,165,15966
00:06:23,165,16032
00:06:24,165,16096
00:06:25,165,16159
00:06:26,165,16222
00:06:27,165,16286
00:06:28,165,16350
00:06:29,165,16415
00:06:30,165,16480
00:06:31,165,16545
00:06:32,165,16606
00:06:33,165,16675
00:06:34,166,16745
00:06:35,166,16812
00:06:36,166,16880
00:06:37,166,16950
00:06:38,166,17016
00:06:39,166,17085
00:06:40,166,17154
00:06:41,166,17224
00:06:42,166,17293
00:06:43,166,17363
00:06:44,166,17434
00:06:45,166,17505
00:06:46,166,17578
00:06:47,166,17649
00:06:48,166,17723
00:06:49,166,17800
00:06:50,166,17871
00:06:51,166,17946
00:06:52,166,18020
00:06:53,166,18094
00:06:54,166,18174
00:06:55,166,18252
00:06:56,166,18327
00:06:57,166,18403
00:06:58,166,18481
00:06:59,166,18559
00:07:00,166,18637
00:07:01,166,18715
00:07:02,166,18795
00:07:03,166,18874
00:07:04,166,18955
00:07:05,166,19036
00:07:06,166,19118
00:07:07,166,19203
00:07:08,166,19293
00:07:09,166,19380
00:07:10,166,19465
00:07:11,166,19551
00:07:12,166,19636
00:07:13,166,19721
00:07:14,166,19808
00:07:15,166,19895
00:07:16,166,19980
00:07:17,166,20068
00:07:18,166,20158
00:07:19,166,20248
00:07:20,166,20338
00:07:21,166,20429
00:07:22,166,20521
00:07:23,166,20615
00:07:24,166,20709
00:07:25,166,20805
00:07:26,166,20908
00:07:27,166,21006
00:07:28,166,21102
00:07:29,166,21198
00:07:30,166,21297
00:07:31,166,21395
00:07:32,166,21493
00:07:33,165,21595
00:07:34,165,21694
00:07:35,165,21795
00:07:36,165,21898
00:07:37,165,22003
00:07:38,165,22107
00:07:39,165,22213
00:07:40,165,22320
00:07:41,165,22434
00:07:42,165,22550
00:07:43,165,22665
00:07:44,165,22777
00:07:45,165,22889
00:07:46,165,23002
00:07:47,165,23116
00:07:48,165,23224
00:07:49,165,23343
00:07:50,165,23463
00:07:51,165,23580
00:07:52,165,23700
00:07:53,165,23822
00:07:54,165,23946
00:07:55,165,24064
00:07:56,165,24189
00:07:57,165,24312
00:07:58,165,24439
00:07:59,165,24567
00:08:00,165,24701
00:08:01,164,24828
00:08:02,164,24960
00:08:03,164,25099
00:08:04,164,25238
00:08:05,164,25365
00:08:06,164,25491
00:08:07,164,25617
00:08:08,164,25744
00:08:09,164,25870
00:08:10,164,26000
00:08:11,164,26129
00:08:12,164,26265
00:08:13,164,26400
00:08:14,164,26535
00:08:15,164,26633
00:08:16,164,26662
00:08:17,164,26671
00:08:18,164,26674
00:08:19,164,26675
00:08:20,164,26675
00:08:21,164,26675
00:08:22,164,26675
00:08:23,164,26675
00:08:24,164,26675
00:08:25,164,26675
00:08:26,164,26675
00:08:27,164,26675
00:08:28,164,26675
00:08:29,164,26675
00:08:30,164,26675
00:08:31,164,26675
00:08:32,164,26676
00:08:33,164,26676
00:08:34,164,26676
00:08:35,164,26676
00:08:36,164,26676
00:08:37,164,26676
00:08:38,164,26676
00:08:39,164,26676
00:08:40,164,26676
00:08:41,164,26676
00:08:42,164,26676
00:08:43,164,26676
00:08:44,164,26676
00:08:45,164,26676
00:08:46,164,26676
00:08:47,164,26676
00:08:48,164,26676
00:08:49,164,26676
00:08:50,164,26676
00:08:51,164,26676
00:08:52,164,26676
00:08:53,164,26676
00:08:54,164,26676
00:08:55,164,26676
00:08:56,164,26676
00:08:57,164,26676
00:08:58,164,26676
00:08:59,164,26676
00:09:00,164,26676
00:09:01,164,26676
00:09:02,164,26676
00:09:03,164,26676
00:09:04,164,26676
00:09:05,164,26676
00:09:06,164,26676
00:09:07,164,26676
00:09:08,164,26676
00:09:09,164,26676
00:09:10,164,26676
00:09:11,164,26676
00:09:12,164,26676
00:09:13,164,26676
00:09:14,164,26676
00:09:15,164,26676
00:09:16,164,26676
00:09:17,164,26676
00:09:18,164,26676
00:09:19,164,26676
00:09:20,164,26676
00:09:21,164,26676
00:09:22,164,26676
00:09:23,164,26676
00:09:24,164,26676
00:09:25,164,26676
00:09:26,164,26676
00:09:27,164,26676
00:09:28,164,26676
00:09:29,164,26676
00:09:30,164,26676
00:09:31,164,26676
00:09:32,164,26676
00:09:33,164,26676
00:09:34,164,26676
00:09:35,164,26676
00:09:36,164,26676
00:09:37,164,26676
00:09:38,164,26676
00:09:39,164,26676
00:09:40,164,26676
00:09:41,164,26676
00:09:42,164,26676
00:09:43,164,26676
00:09:44,164,26676
00:09:45,164,26676
00:09:46,164,26676
00:09:47,164,26676
00:09:48,164,26676
00:09:49,164,26676
00:09:50,164,26676
00:09:51,164,26676
00:09:52,164,26676
00:09:53,164,26676
00:09:54,164,26676
00:09:55,164,26676
00:09:56,164,26676
00:09:57,164,26676
00:09:58,164,26676
00:09:59,164,26676
00:10:00,164,26676
00:10:01,164,26676
00:10:02,164,26676
00:10:03,164,26676
00:10:04,164,26676
00:10:05,164,26677
00:10:06,164,26677
00:10:07,164,26677
00:10:08,164,26677
00:10:09,164,26677
00:10:10,164,26677
00:10:11,164,26677
00:10:12,164,26677
00:10:13,164,26677
00:10:14,164,26677
00:10:15,164,26677
00:10:16,164,26677
00:10:17,164,26677
00:10:18,164,26676
00:10:19,164,26677
00:10:20,164,26677
00:10:21,164,26677
00:10:22,164,26677
00:10:23,164,26677
00:10:24,164,26677
00:10:25,164,26677
00:10:26,164,26677
00:10:27,164,26677
00:10:28,164,26677
00:10:29,164,26677
00:10:30,164,26676
00:10:31,164,26676
00:10:32,164,26676
00:10:33,164,26676
00:10:34,164,26676
00:10:35,164,26676
00:10:36,164,26677
00:10:37,164,26676
00:10:38,164,26676
00:10:39,164,26676
00:10:40,164,26676
00:10:41,164,26676
00:10:42,164,26676
00:10:43,164,26676
00:10:44,164,26676
00:10:45,164,26676
00:10:46,164,26676
00:10:47,164,26676
00:10:48,164,26676
00:10:49,164,26676
00:10:50,164,26676
00:10:51,164,26676
00:10:52,164,26676
00:10:53,164,26676
00:10:54,164,26676
00:10:55,164,26676
00:10:56,164,26676
00:10:57,164,26676
00:10:58,164,26676
00:10:59,164,26676
00:11:00,164,26676
00:11:01,164,26676
00:11:02,164,26676
00:11:03,164,26676
00:11:04,164,26676
00:11:05,164,26676
00:11:06,164,26676
00:11:07,164,26676
00:11:08,164,26676
00:11:09,164,26676
00:11:10,164,26676
00:11:11,164,26676
00:11:12,164,26676
00:11:13,164,26676
00:11:14,164,26676
00:11:15,164,26676
00:11:16,164,26676
00:11:17,164,26676
00:11:18,164,26676
00:11:19,164,26676
00:11:20,164,26676
00:11:21,164,26676
00:11:22,164,26676
00:11:23,164,26676
00:11:24,164,26676
00:11:25,164,26676
00:11:26,164,26676
00:11:27,164,26676
00:11:28,164,26676
00:11:29,164,26676
00:11:30,164,26676
00:11:31,164,26676
00:11:32,164,26676
00:11:33,164,26676
00:11:34,164,26676
00:11:35,164,26676
00:11:36,164,26676
00:11:37,164,26676
00:11:38,164,26676
00:11:39,164,26676
00:11:40,164,26676
00:11:41,164,26676
00:11:42,164,26676
00:11:43,164,26676
00:11:44,164,26676
00:11:45,164,26676
00:11:46,164,26676
00:11:47,164,26676
00:11:48,164,26676
00:11:49,164,26676
00:11:50,164,26676
00:11:51,164,26676
00:11:52,164,26676
00:11:53,164,26676
00:11:54,164,26676
00:11:55,164,26676
00:11:56,164,26676
00:11:57,164,26676
00:11:58,164,26676
00:11:59,164,26676
00:12:00,164,26676
00:12:01,164,26676
00:12:02,164,26676
00:12:03,164,26676
00:12:04,164,26676
00:12:05,164,26676
00:12:06,164,26676
00:12:07,164,26676
00:12:08,164,26676
00:12:09,164,26676
00:12:10,164,26676
00:12:11,164,26676
00:12:13,164,26676
00:12:14,164,26676
00:12:15,164,26676
00:12:16,164,26676
00:12:17,164,26676
00:12:18,164,26676
00:12:19,164,26676
00:12:20,164,26676
00:12:21,164,26676
00:12:22,164,26676
00:12:23,164,26676
00:12:24,164,26676
00:12:25,164,26676
00:12:26,164,26676
00:12:27,164,26676
00:12:28,164,26676
00:12:29,164,26676
00:12:30,164,26676
00:12:31,164,26676
00:12:32,164,26676
00:12:33,164,26676
00:12:34,164,26676
00:12:35,164,26676
00:12:36,164,26676
00:12:37,164,26676
00:12:38,164,26676
00:12:39,164,26676
00:12:40,164,26676
00:12:41,164,26676
00:12:42,164,26676
00:12:43,164,26676
00:12:44,164,26676
00:12:45,164,26676
00:12:46,164,26676
00:12:47,164,26676
00:12:48,164,26676
00:12:49,164,26676
00:12:50,164,26676
00:12:51,164,26676
00:12:52,164,26676
00:12:53,164,26676
00:12:54,164,26676
00:12:55,164,26676
00:12:56,164,26676
00:12:57,164,26676
00:12:58,164,26676
00:12:59,164,26676
00:13:00,164,26676
00:13:01,164,26676
00:13:02,164,26676
00:13:03,164,26676
00:13:04,164,26676
00:13:05,164,26676
00:13:06,164,26676
00:13:07,164,26676
00:13:08,164,26676
00:13:09,164,26676
00:13:10,164,26676
00:13:11,164,26676
00:13:12,164,26676
00:13:13,164,26676
00:13:14,164,26676
00:13:15,164,26676
00:13:16,164,26676
00:13:17,164,26676
00:13:18,164,26676
00:13:19,164,26676
00:13:20,164,26676
00:13:21,164,26676
00:13:22,164,26676
00:13:23,164,26676
00:13:24,164,26676
00:13:25,164,26676
00:13:26,164,26676
00:13:27,164,26676
00:13:28,164,26676
00:13:29,164,26676
00:13:30,164,26676
00:13:31,164,26676
00:13:32,164,26676
00:13:33,164,26676
00:13:34,164,26676
00:13:35,164,26676
00:13:36,164,26676
00:13:37,164,26676
00:13:38,164,26676
00:13:39,164,26676
00:13:40,164,26676
00:13:41,164,26676
00:13:42,164,26676
00:13:43,164,26676
00:13:44,164,26676
00:13:45,164,26676
00:13:46,164,26676
00:13:47,164,26676
00:13:48,164,26676
00:13:49,164,26676
00:13:50,164,26676
00:13:51,164,26676
00:13:52,164,26676
00:13:53,164,26676
00:13:54,164,26676
00:13:55,164,26676
00:13:56,164,26676
00:13:57,164,26676
00:13:58,164,26676
00:13:59,164,26676
00:14:00,164,26676
00:14:01,164,26676
00:14:02,164,26676
00:14:03,164,26676
00:14:04,164,26676
00:14:05,164,26676
00:14:06,164,26676
00:14:07,164,26676
00:14:08,164,26676
00:14:09,164,26676
00:14:10,164,26676
00:14:11,164,26676
00:14:12,164,26676
00:14:13,164,26676
00:14:14,164,26676
00:14:15,164,26676
00:14:16,164,26676
00:14:17,164,26676
00:14:18,164,26676
00:14:19,164,26676
00:14:20,164,26676
00:14:21,164,26676
00:14:22,164,26676
00:14:23,164,26676
00:14:24,164,26676
00:14:25,164,26676
00:14:26,164,26676
00:14:27,164,26676
00:14:28,164,26676
00:14:29,164,26676
00:14:30,164,26676
00:14:31,164,26676
00:14:32,164,26676
00:14:33,164,26676
00:14:34,164,26676
00:14:35,164,26676
00:14:36,164,26676
00:14:37,164,26676
00:14:38,164,26676
00:14:39,164,26676
00:14:40,164,26676
00:14:41,164,26676
00:14:42,164,26676
00:14:43,164,26676
00:14:44,164,26676
00:14:45,164,26676
00:14:46,164,26676
00:14:47,164,26676
00:14:48,164,26676
00:14:49,164,26676
00:14:50,164,26676
00:14:51,164,26676
00:14:52,164,26676
00:14:53,164,26676
00:14:54,164,26676
00:14:55,164,26676
00:14:56,164,26676
00:14:57,164,26676
00:14:58,164,26676
00:14:59,164,26676
00:15:00,164,26676
00:15:01,164,26676
00:15:02,164,26676
00:15:03,164,26676
00:15:04,164,26676
00:15:05,164,26676
00:15:06,164,26676
00:15:07,164,26676
00:15:08,164,26676
00:15:09,164,26676
00:15:10,164,26676
00:15:11,164,26676
00:15:12,164,26676
00:15:13,164,26676
00:15:14,164,26676
00:15:15,164,26676
00:15:16,164,26676
00:15:17,164,26676
00:15:18,164,26676
00:15:19,164,26676
00:15:20,164,26676
00:15:21,164,26676
00:15:22,164,26676
00:15:23,164,26676
00:15:24,164,26676
00:15:25,164,26676
00:15:26,164,26676
00:15:27,164,26676
00:15:28,164,26676
00:15:29,164,26676
00:15:30,164,26676
00:15:31,164,26676
00:15:32,164,26676
00:15:33,164,26676
00:15:34,164,26676
00:15:35,164,26676
00:15:36,164,26676
00:15:37,164,26676
00:15:38,164,26676
00:15:39,164,26676
00:15:40,164,26676
00:15:41,164,26676
00:15:42,164,26676
00:15:43,164,26676
00:15:44,164,26676
00:15:45,164,26676
00:15:46,164,26676
00:15:47,164,26676
00:15:48,164,26676
00:15:49,164,26676
00:15:50,164,26676
00:15:51,164,26676
00:15:52,164,26676
00:15:53,164,26676
00:15:54,164,26676
00:15:55,164,26676
00:15:56,164,26676
00:15:57,164,26676
00:15:58,164,26676
00:15:59,164,26676
00:16:00,164,26676
00:16:01,164,26676
00:16:02,164,26676
00:16:03,164,26676
00:16:04,164,26676
00:16:05,164,26676
00:16:06,164,26676
00:16:07,164,26676
00:16:08,164,26676
00:16:09,164,26676
00:16:10,164,26676
00:16:11,164,26676
00:16:12,164,26676
00:16:13,164,26676
00:16:14,164,26676
00:16:15,164,26676
00:16:16,164,26676
00:16:17,164,26676
00:16:18,164,26676
00:16:19,164,26676
00:16:20,164,26676
00:16:21,164,26676
00:16:22,164,26676
00:16:23,164,26676
00:16:24,164,26676
00:16:25,164,26676
00:16:26,164,26676
00:16:27,164,26676
00:16:28,164,26676
00:16:29,164,26676
00:16:30,164,26676
00:16:31,164,26676
00:16:32,164,26676
00:16:33,164,26676
00:16:34,164,26676
00:16:35,164,26676
00:16:36,164,26676
00:16:37,164,26676
00:16:38,164,26676
00:16:39,164,26676
00:16:40,164,26676
00:16:41,164,26676
00:16:42,164,26676
00:16:43,164,26676
00:16:44,164,26676
00:16:45,164,26676
00:16:46,164,26676
00:16:47,164,26676
00:16:48,164,26676
00:16:49,164,26676
00:16:50,164,26676
00:16:51,164,26676
00:16:52,164,26676
00:16:53,164,26676
00:16:54,164,26676
00:16:55,164,26676
00:16:56,164,26676
00:16:57,164,26676
00:16:58,164,26676
00:16:59,164,26676
00:17:00,164,26676
00:17:01,164,26676
00:17:02,164,26676
00:17:03,164,26676
00:17:04,164,26676
00:17:05,164,26676
00:17:05,164,26676
00:17:07,164,26676
00:17:08,164,26676
00:17:09,164,26676
00:17:10,164,26676
00:17:11,164,26676
00:17:12,164,26676
00:17:13,164,26676
00:17:14,164,26676
00:17:15,164,26676
00:17:16,164,26676
00:17:17,164,26676
00:17:18,164,26676
00:17:19,164,26676
00:17:20,164,26676
00:17:21,164,26676
00:17:22,164,26676
00:17:23,164,26676
00:17:24,164,26676
00:17:25,164,26676
00:17:26,164,26676
00:17:27,164,26676
00:17:28,164,26676
00:17:29,164,26676
00:17:30,164,26676
00:17:31,164,26676
00:17:32,164,26676
00:17:33,164,26676
00:17:34,164,26676
00:17:35,164,26676
00:17:36,164,26676
00:17:37,164,26676
00:17:38,164,26676
00:17:39,164,26676
00:17:40,164,26676
00:17:41,164,26676
00:17:42,164,26676
00:17:43,164,26676
00:17:44,164,26676
00:17:45,164,26676
00:17:46,164,26676
00:17:47,164,26676
00:17:48,164,26676
00:17:49,164,26676
00:17:50,164,26676
00:17:51,164,26676
00:17:52,164,26676
00:17:53,164,26676
00:17:54,164,26676
00:17:55,164,26676
00:17:56,164,26676
00:17:57,164,26676
00:17:58,164,26676
00:17:59,164,26676
00:18:00,164,26676
00:18:01,164,26676
00:18:02,164,26676
00:18:03,164,26676
00:18:04,164,26676
00:18:05,164,26676
00:18:06,164,26676
00:18:07,164,26676
00:18:08,164,26676
00:18:09,164,26676
00:18:10,164,26676
00:18:11,164,26676
00:18:12,164,26676
00:18:13,164,26676
00:18:14,164,26676
00:18:15,164,26676
00:18:16,164,26676
00:18:17,164,26676
00:18:18,164,26676
00:18:19,164,26676
00:18:20,164,26676
00:18:21,164,26676
00:18:22,164,26676
00:18:23,164,26676
00:18:24,164,26676
00:18:25,164,26676
00:18:26,164,26676
00:18:27,164,26676
00:18:28,164,26676
00:18:29,164,26676
00:18:30,164,26676
00:18:31,164,26676
00:18:32,164,26676
00:18:33,164,26676
00:18:34,164,26676
00:18:35,164,26676
00:18:36,164,26676
00:18:37,164,26676
00:18:38,164,26676
00:18:39,164,26676
00:18:40,164,26676
00:18:41,164,26676
00:18:42,164,26676
00:18:43,164,26676
00:18:44,164,26676
00:18:45,164,26676
00:18:46,164,26676
00:18:47,164,26676
00:18:48,164,26676
00:18:49,164,26676
00:18:50,164,26676
00:18:51,164,26676
00:18:52,164,26676
00:18:53,164,26676
00:18:54,164,26676
00:18:55,164,26676
00:18:56,164,26676
00:18:57,164,26676
00:18:58,164,26676
00:18:59,164,26676
00:19:00,164,26676
00:19:01,164,26676
00:19:02,164,26676
00:19:03,164,26676
00:19:04,164,26676
00:19:05,164,26676
00:19:06,164,26676
00:19:07,164,26676
00:19:08,164,26676
00:19:09,164,26676
00:19:10,164,26676
00:19:11,164,26676
00:19:12,164,26676
00:19:13,164,26676
00:19:14,164,26676
00:19:15,164,26676
00:19:16,164,26676
00:19:17,164,26676
00:19:18,164,26676
00:19:19,164,26676
00:19:20,164,26676
00:19:21,164,26676
00:19:22,164,26676
00:19:23,164,26676
00:19:24,164,26676
00:19:25,164,26676
00:19:26,164,26676
00:19:27,164,26676
00:19:28,164,26676
00:19:29,164,26676
00:19:30,164,26676
00:19:31,164,26676
00:19:32,164,26676
00:19:33,164,26676
00:19:34,164,26676
00:19:35,164,26676
00:19:36,164,26676
00:19:37,164,26676
00:19:38,164,26676
00:19:39,164,26676
00:19:40,164,26676
00:19:41,164,26676
00:19:42,164,26676
00:19:43,164,26676
00:19:44,164,26676
00:19:45,164,26676
00:19:46,164,26676
00:19:47,164,26676
00:19:48,164,26676
00:19:49,164,26676
00:19:50,164,26676
00:19:51,164,26676
00:19:52,164,26676
00:19:53,164,26676
00:19:54,164,26676
00:19:55,164,26676
00:19:56,164,26676
00:19:57,164,26676
00:19:58,164,26676
00:19:59,164,26676
00:20:00,164,26676
00:20:01,164,26676
00:20:02,164,26676
00:20:03,164,26676
00:20:04,164,26676
00:20:05,164,26676
00:20:06,164,26676
00:20:07,164,26676
00:20:08,164,26676
00:20:09,164,26676
00:20:10,164,26676
00:20:11,164,26676
00:20:12,164,26676
00:20:13,164,26676
00:20:14,164,26676
00:20:15,164,26676
00:20:16,164,26676
00:20:17,164,26676
00:20:18,164,26676
00:20:19,164,26676
00:20:20,164,26676
00:20:21,164,26676
00:20:22,164,26676
00:20:23,164,26676
00:20:24,164,26676
00:20:25,164,26676
00:20:26,164,26676
00:20:27,164,26676
00:20:28,164,26676
00:20:29,164,26676
00:20:30,164,26676
00:20:31,164,26676
00:20:32,164,26676
00:20:33,164,26676
00:20:34,164,26676
00:20:35,164,26676
00:20:36,164,26676
00:20:37,164,26676
00:20:38,164,26676
00:20:39,164,26676
00:20:40,164,26676
00:20:41,164,26676
00:20:42,164,26676
00:20:43,164,26676
00:20:44,164,26676
00:20:45,164,26676
00:20:46,164,26676
00:20:47,164,26676
00:20:48,164,26676
00:20:49,164,26676
00:20:50,164,26676
00:20:51,164,26676
00:20:52,164,26676
00:20:53,164,26676
00:20:54,164,26676
00:20:55,164,26676
00:20:56,164,26676
00:20:57,164,26676
00:20:58,164,26676
00:20:59,164,26676
00:21:00,164,26676
00:21:01,164,26676
00:21:02,164,26676
00:21:03,164,26676
00:21:04,164,26676
00:21:05,164,26676
00:21:06,164,26676
00:21:07,164,26676
00:21:08,164,26676
00:21:09,164,26676
00:21:10,164,26676
00:21:11,164,26676
00:21:12,164,26676
00:21:13,164,26676
00:21:14,164,26676
00:21:15,164,26676
00:21:16,164,26676
00:21:17,164,26676
00:21:18,164,26676
00:21:19,164,26676
00:21:20,164,26676
00:21:21,164,26676
00:21:22,164,26676
00:21:23,164,26676
00:21:24,164,26676
00:21:25,164,26676
00:21:26,164,26676
00:21:27,164,26676
00:21:28,164,26676
00:21:29,164,26676
00:21:30,164,26676
00:21:31,164,26676
00:21:32,164,26676
00:21:33,164,26676
00:21:34,164,26676
00:21:35,164,26676
00:21:36,164,26676
00:21:37,164,26676
00:21:38,164,26676
00:21:39,164,26676
00:21:40,164,26676
00:21:41,164,26676
00:21:42,164,26676
00:21:43,164,26676
00:21:44,164,26676
00:21:45,164,26676
00:21:46,164,26676
00:21:47,164,26676
00:21:48,164,26676
00:21:49,164,26676
00:21:50,164,26676
00:21:51,164,26676
00:21:52,164,26676
00:21:53,164,26676
00:21:54,164,26676
00:21:55,164,26676
00:21:56,164,26676
00:21:57,164,26676
00:21:58,164,26676
00:21:59,164,26676
00:22:00,164,26676
00:22:01,164,26676
00:22:02,164,26676
00:22:03,164,26676
00:22:04,164,26676
00:22:05,164,26676
00:22:05,164,26676
00:22:07,164,26676
00:22:08,164,26676
00:22:09,164,26676
00:22:10,164,26676
00:22:11,164,26676
00:22:12,164,26676
00:22:13,164,26676
00:22:14,164,26676
00:22:15,164,26676
00:22:16,164,26676
00:22:17,164,26676
00:22:18,164,26676
00:22:19,164,26676
00:22:20,164,26676
00:22:21,164,26676
00:22:23,164,26676
00:22:24,164,26676
00:22:25,164,26676
00:22:26,164,26676
00:22:27,164,26676
00:22:28,164,26676
00:22:29,164,26676
00:22:30,164,26676
00:22:31,164,26676
00:22:32,164,26676
00:22:33,164,26676
00:22:34,164,26676
00:22:35,164,26676
00:22:36,164,26676
00:22:37,164,26676
00:22:38,164,26676
00:22:39,164,26676
00:22:40,164,26676
00:22:41,164,26676
00:22:42,164,26676
00:22:43,164,26676
00:22:44,164,26676
00:22:45,164,26676
00:22:46,164,26676
00:22:47,164,26676
00:22:48,164,26676
00:22:49,164,26676
00:22:50,164,26676
00:22:51,164,26676
00:22:52,164,26676
00:22:53,164,26676
00:22:54,164,26676
00:22:55,164,26676
00:22:56,164,26676
00:22:57,164,26676
00:22:58,164,26676
00:22:59,164,26676
00:23:00,164,26676
00:23:01,164,26676
00:23:02,164,26676
00:23:03,164,26676
00:23:04,164,26676
00:23:05,164,26676
00:23:05,164,26676
00:23:07,164,26676
00:23:08,164,26676
00:23:09,164,26676
00:23:10,164,26676
00:23:11,164,26676
00:23:12,164,26676
00:23:13,164,26676
00:23:14,164,26676
00:23:15,164,26676
00:23:16,164,26676
00:23:17,164,26676
00:23:18,164,26676
00:23:19,164,26676
00:23:20,164,26676
00:23:21,164,26676
00:23:22,164,26676
00:23:23,164,26676
00:23:24,164,26676
00:23:25,164,26676
00:23:26,164,26676
00:23:27,164,26676
00:23:28,164,26676
00:23:29,164,26676
00:23:30,164,26676
00:23:31,164,26676
00:23:32,164,26676
00:23:33,164,26676
00:23:34,164,26676
00:23:35,164,26676
00:23:36,164,26676
00:23:37,164,26676
00:23:38,164,26676
00:23:39,164,26676
00:23:40,164,26676
00:23:41,164,26676
00:23:42,164,26676
00:23:43,164,26676
00:23:44,164,26676
00:23:45,164,26676
00:23:46,164,26676
00:23:47,164,26676
00:23:48,164,26676
00:23:49,164,26676
00:23:50,164,26676
00:23:51,164,26676
00:23:52,164,26676
00:23:53,164,26676
00:23:54,164,26676
00:23:55,164,26676
00:23:56,164,26676
00:23:57,164,26676
00:23:58,164,26676
00:23:59,164,26676
00:24:00,164,26676
00:24:01,164,26676
00:24:02,164,26676
00:24:03,164,26676
00:24:04,164,26676
00:24:05,164,26676
00:24:06,164,26676
00:24:07,164,26676
00:24:08,164,26676
00:24:09,164,26676
00:24:10,164,26676
00:24:11,164,26676
00:24:12,164,26676
00:24:13,164,26676
00:24:14,164,26676
00:24:15,164,26676
00:24:16,164,26676
00:24:17,164,26676
00:24:18,164,26676
00:24:19,164,26676
00:24:20,164,26676
00:24:21,164,26676
00:24:22,164,26676
00:24:23,164,26676
00:24:24,164,26676
00:24:25,164,26676
00:24:26,164,26676
00:24:27,164,26676
00:24:28,164,26676
00:24:29,164,26676
00:24:30,164,26676
00:24:31,164,26676
00:24:32,164,26676
00:24:33,164,26676
00:24:34,164,26676
00:24:35,164,26676
00:24:36,164,26676
00:24:37,164,26676
00:24:38,164,26676
00:24:39,164,26676
00:24:40,164,26676
00:24:41,164,26676
00:24:42,164,26676
00:24:43,164,26676
00:24:44,164,26676
00:24:45,172,26640
00:24:46,177,26621
00:24:47,178,26616
00:24:48,178,26614
00:24:49,178,26613
00:24:50,179,26613
00:24:51,179,26613
00:24:52,179,26613
00:24:53,179,26613
00:24:54,179,26612
00:24:55,179,26612
00:24:56,179,26612
00:24:57,179,26612
00:24:58,179,26612
00:24:59,179,26612
00:25:00,179,26611
00:25:01,179,26611
00:25:02,179,26611
00:25:03,179,26611
00:25:04,179,26611
00:25:05,179,26611
00:25:06,179,26611
00:25:07,179,26610
00:25:08,179,26610
00:25:09,179,26610
00:25:10,179,26610
00:25:11,179,26610
00:25:12,179,26610
00:25:13,179,26610
00:25:14,179,26609
00:25:15,179,26609
00:25:16,179,26609
00:25:17,179,26609
00:25:18,179,26609
00:25:19,179,26609
00:25:20,180,26609
00:25:21,180,26609
00:25:22,180,26608
00:25:23,180,26608
00:25:24,180,26608
00:25:25,180,26608
00:25:26,180,26608
00:25:27,180,26608
00:25:28,180,26607
00:25:29,180,26607
00:25:30,180,26607
00:25:31,180,26607
00:25:32,180,26607
00:25:33,180,26607
00:25:34,180,26607
00:25:35,180,26606
00:25:36,180,26606
00:25:37,180,26606
00:25:38,180,26606
00:25:39,180,26606
00:25:40,180,26606
00:25:41,180,26606
00:25:42,180,26605
00:25:43,180,26605
00:25:44,180,26605
00:25:45,180,26605
00:25:46,180,26605
00:25:47,180,26605
00:25:48,180,26604
00:25:49,180,26604
00:25:50,181,26604
00:25:51,181,26604
00:25:52,181,26604
00:25:53,181,26604
00:25:54,181,26604
00:25:55,181,26604
00:25:56,181,26603
00:25:57,181,26603
00:25:58,181,26603
00:25:59,181,26603
00:26:00,181,26603
00:26:01,181,26603
00:26:02,181,26602
00:26:03,181,26602
00:26:04,181,26602
00:26:05,181,26602
00:26:05,181,26602
00:26:07,181,26602
00:26:08,181,26601
00:26:09,181,26601
00:26:10,181,26601
00:26:11,181,26601
00:26:12,181,26601
00:26:13,181,26601
00:26:14,181,26601
00:26:15,181,26600
00:26:16,181,26600
00:26:17,181,26600
00:26:18,181,26600
00:26:19,182,26600
00:26:20,182,26600
00:26:21,182,26599
00:26:22,182,26599
00:26:23,182,26599
00:26:24,182,26599
00:26:25,182,26599
00:26:26,182,26599
00:26:27,182,26599
00:26:28,182,26598
00:26:29,182,26598
00:26:30,182,26598
00:26:31,182,26598
00:26:32,182,26598
00:26:33,182,26598
00:26:34,182,26597
00:26:35,182,26597
00:26:36,182,26597
00:26:37,182,26598
00:26:38,182,26663
00:26:39,182,26783
00:26:40,182,26915
00:26:41,182,27050
00:26:42,182,27191
00:26:43,182,27333
00:26:44,182,27476
00:26:45,182,27623
00:26:46,182,27775
00:26:47,183,27925
00:26:48,183,28098
00:26:49,183,28236
00:26:50,183,28392
00:26:51,183,28552
00:26:52,183,28714
00:26:53,183,28877
00:26:54,183,29040
00:26:55,183,29207
00:26:56,183,29376
00:26:57,183,29556
00:26:58,183,29731
00:26:59,183,29911
00:27:00,183,30081
00:27:01,183,30233
00:27:02,183,30381
00:27:03,183,30527
00:27:04,184,30670
00:27:05,184,30818
00:27:06,184,30965
00:27:07,184,31113
00:27:08,184,31271
00:27:09,184,31428
00:27:10,184,31581
00:27:11,184,31737
00:27:12,184,31896
00:27:13,184,32056
00:27:14,184,32212
00:27:15,185,32380
00:27:16,185,32549
00:27:17,185,32716
00:27:18,185,32887
00:27:19,185,33063
00:27:20,185,33245
00:27:21,185,33426
00:27:22,186,33609
00:27:23,186,33791
00:27:24,186,33951
00:27:25,186,34114
00:27:26,186,34279
00:27:27,186,34455
00:27:28,187,34630
00:27:29,187,34807
00:27:30,187,34983
00:27:31,187,35157
00:27:32,187,35334
00:27:33,188,35519
00:27:34,188,35698
00:27:35,188,35811
00:27:36,188,35844
00:27:37,189,35854
00:27:38,189,35856
00:27:39,189,35856
00:27:40,190,35856
00:27:41,190,35855
00:27:42,190,35854
00:27:43,190,35853
00:27:44,191,35852
00:27:45,191,35851
00:27:46,191,35850
00:27:47,192,35849
00:27:48,192,35848
00:27:49,192,35847
00:27:50,193,35846
00:27:51,193,35844
00:27:52,193,35843
00:27:53,194,35842
00:27:54,194,35841
00:27:55,195,35839
00:27:56,195,35838
00:27:57,195,35837
00:27:58,196,35835
00:27:59,196,35834
00:28:00,197,35833
00:28:01,197,35831
00:28:02,197,35830
00:28:03,198,35828
00:28:04,198,35827
00:28:05,199,35825
00:28:06,199,35824
00:28:07,200,35822
00:28:08,200,35821
00:28:09,201,35819
00:28:10,201,35817
00:28:11,202,35815
00:28:12,202,35814
00:28:13,203,35812
00:28:14,203,35810
00:28:15,204,35809
00:28:16,204,35807
00:28:17,205,35805
00:28:18,205,35803
00:28:19,206,35801
00:28:20,207,35800
00:28:21,207,35798
00:28:22,208,35796
00:28:23,208,35794
00:28:24,209,35792
00:28:25,209,35790
00:28:26,210,35798
00:28:31,213,35778
00:28:32,214,35775
00:28:33,215,35773
00:28:34,215,35771
00:28:35,216,35769
00:28:36,217,35766
00:28:37,217,35764
00:28:38,218,35762
00:28:39,219,35760
00:28:40,219,35757
00:28:41,220,35755
00:28:42,221,35753
00:28:44,222,35748
00:28:45,223,35745
00:28:46,224,35743
00:28:47,224,35740
00:28:48,225,35738
00:28:49,226,35735
00:28:50,227,35733
00:28:51,228,35730
00:28:52,228,35727
00:28:53,229,35725
00:28:54,230,35722
00:28:55,231,35720
00:28:56,232,35717
00:28:57,232,35714
00:28:58,233,35712
00:28:59,234,35709
00:29:00,235,35706
00:29:01,236,35703
00:29:02,237,35700
00:29:03,237,35697
00:29:04,238,35695
00:29:05,239,35692
00:29:06,240,35699
00:29:07,241,35685
00:29:08,242,35683
00:29:09,243,35680
00:29:10,244,35677
00:29:11,245,35674
00:29:12,246,35671
00:29:13,247,35668
00:29:14,247,35664
00:29:15,248,35661
00:29:16,249,35658
00:29:17,250,35655
00:29:18,251,35652
00:29:19,252,35649
00:29:20,253,35646
00:29:21,254,35642
00:29:22,255,35639
00:29:23,256,35636
00:29:24,257,35632
00:29:25,258,35629
00:29:26,259,35625
00:29:27,260,35622
00:29:28,261,35619
00:29:29,262,35615
00:29:30,263,35612
00:29:31,265,35609
00:29:32,266,35605
00:29:33,267,35601
00:29:34,268,35598
00:29:35,269,35594
00:29:36,270,35590
00:29:37,271,35587
00:29:38,272,35583
00:29:39,273,35580
00:29:40,274,35576
00:29:41,275,35572
00:29:42,277,35568
00:29:43,278,35564
00:29:44,279,35561
00:29:45,280,35557
00:29:46,281,35553
00:29:47,282,35550
00:29:48,284,35546
00:29:49,285,35542
00:29:50,286,35538
00:29:51,287,35534
00:29:52,288,35530
00:29:53,290,35526
00:29:54,291,35522
00:29:55,292,35518
00:29:56,293,35515
00:29:57,294,35511
00:29:58,296,35507
00:29:59,297,35502
00:30:00,298,35499
00:30:01,299,35494
00:30:02,301,35490
00:30:03,302,35486
00:30:04,303,35481
00:30:05,305,35477
00:30:05,306,35473
00:30:07,307,35469
00:30:08,308,35465
00:30:09,310,35461
00:30:10,311,35456
00:30:11,312,35452
00:30:12,314,35448
00:30:13,315,35443
00:30:14,316,35439
00:30:15,318,35435
00:30:16,319,35430
00:30:17,321,35425
00:30:18,322,35421
00:30:19,323,35416
00:30:20,325,35412
00:30:21,326,35407
00:30:22,327,35403
00:30:23,329,35398
00:30:24,330,35394
00:30:25,332,35389
00:30:26,333,35385
00:30:27,335,35398
00:30:28,336,35376
00:30:29,337,35371
00:30:30,339,35366
00:30:31,340,35362
00:30:32,342,35357
00:30:33,343,35352
00:30:34,345,35347
00:30:35,346,35343
00:30:35,348,35338
00:30:37,349,35333
00:30:38,351,35328
00:30:39,352,35323
00:30:40,354,35318
00:30:41,355,35313
00:30:42,357,35308
00:30:43,358,35303
00:30:44,360,35298
00:30:45,361,35294
00:30:46,363,35289
00:30:47,365,35283
00:30:48,366,35278
00:30:49,368,35273
00:30:50,369,35268
00:30:51,371,35263
00:30:52,372,35258
00:30:53,374,35253
00:30:54,376,35247
00:30:55,377,35242
00:30:56,379,35237
00:30:57,381,35232
00:30:58,382,35227
00:30:59,384,35222
00:31:00,386,35216
00:31:01,387,35211
00:31:02,389,35206
00:31:03,390,35200
00:31:04,392,35195
00:31:05,394,35190
00:31:05,395,35185
00:31:07,397,35179
00:31:08,399,35174
00:31:09,401,35168
00:31:10,402,35163
00:31:11,404,35157
00:31:13,407,35147
00:31:14,409,35141
00:31:15,411,35135
00:31:16,413,35130
00:31:17,414,35124
00:31:18,416,35118
00:31:19,418,35113
00:31:20,420,35107
00:31:21,421,35102
00:31:22,423,35096
00:31:23,425,35090
00:31:24,427,35085
00:31:25,429,35079
00:31:26,430,35073
00:31:27,432,35067
00:31:28,434,35061
00:31:29,436,35056
00:31:30,438,35050
00:31:31,440,35044
00:31:32,441,35038
00:31:33,443,35032
00:31:34,445,35026
00:31:35,447,35021
00:31:36,449,35015
00:31:37,451,35009
00:31:38,453,35603
00:31:39,454,34997
00:31:40,456,34991
00:31:41,458,34985
00:31:42,460,34979
00:31:43,462,34973
00:31:44,464,34967
00:31:45,466,34961
00:31:46,468,34955
00:31:47,470,34949
00:31:48,472,34943
00:31:49,474,34937
00:31:50,476,34931
00:31:51,478,34924
00:31:52,480,34918
00:31:53,481,34912
00:31:54,483,34906
00:31:55,485,34900
00:31:56,487,34893
00:31:57,489,34887
00:31:58,491,34881
00:31:59,493,34875
00:32:00,495,34869
00:32:01,497,34862
00:32:02,499,34856
00:32:03,502,34850
00:32:04,504,34843
00:32:05,506,34837
00:32:06,508,34830
00:32:07,510,34824
00:32:09,514,34811
00:32:10,516,34804
00:32:11,518,34798
00:32:14,524,34779
00:32:15,526,34772
00:32:16,528,34765
00:32:17,530,34759
00:32:18,533,34752
00:32:19,535,34746
00:32:20,537,34739
00:32:21,539,34733
00:32:23,543,34719
00:32:24,545,34712
00:32:25,548,34706
00:32:26,550,34699
00:32:27,552,34692
00:32:28,554,34686
00:32:29,556,34679