0,106.218341244,0.1
1,131.007252195,0.2
2,152.977637274,0.2
3,170.777777778,0.3
4,188.634345854,0.3
5,210.005139189,0.4
6,234.486649617,0.5
7,267.593015557,0.6
8,299.222222222,0.8
9,329.595719904,0.9
10,362.049311239,1.09
11,395.049311239,1.43
12,427.416525352,1.4
13,450.034231851,1.6
14,476.820478586,1.7
15,505.153811919,2.4
16,533.20345698,2.1
17,556.768220477,2.3
18,579.861654689,2.4
19,600.888888889,2.6
20,617.093434212,2.8
21,625.666666667,2.9
22,628.777777778,3.1
23,629.0,3.3
24,629.0,3.7
25,629.0,3.9
26,629.0,4.1
27,629.0,4.3
28,629.0,4.5
29,629.0,4.8
30,629.0,5.0
31,629.0,5.5
32,629.0,5.7
33,629.0,5.3
34,629.0,6.2
35,629.0,6.4
36,629.0,6.6
37,629.0,6.39
38,629.0,7.2
39,629.0,7.4
40,629.0,7.7
41,629.0,7.3
42,629.0,8.2
43,629.0,8.5
44,629.0,8.8
45,629.0,9.1
46,629.0,9.4
47,629.0,9.6
48,629.0,10.0
49,629.0,10.3
50,629.0,10.6
51,629.0,10.9
52,629.0,11.3
53,629.0,11.6
54,629.0,11.9
55,629.0,12.3
56,629.0,12.7
57,629.0,13.0
58,629.0,13.4
59,629.0,13.8
60,629.0,14.1
61,629.0,14.5
62,629.0,15.3
63,629.0,15.7
64,629.0,16.1
65,629.0,16.5
66,629.0,16.9
67,629.0,17.3
68,629.0,17.8
69,629.0,18.2
70,629.0,18.6
71,629.0,19.1
72,629.0,19.5
73,629.0,20.0
74,629.0,20.5
75,629.0,21.0
76,629.0,21.4
77,629.0,21.9
78,629.0,22.4
79,629.0,22.8
80,629.0,23.3
81,629.0,23.8
82,629.0,24.3
83,629.0,24.8
84,629.0,25.3
85,629.0,25.8
86,629.0,26.3
87,629.0,26.9
88,629.0,27.4
89,629.0,28.0
90,629.0,28.5
91,629.0,29.1
92,629.0,29.6
93,629.0,30.2
94,629.0,30.8
95,629.0,31.4
96,629.0,32.0
97,629.0,32.6
98,629.0,33.8
99,629.0,34.5
100,629.0,35.1
101,629.5,35.7
102,630.5,37.0
103,632.444444444,37.7
104,634.388888889,38.4
105,636.777777778,39.0
106,639.111111111,39.7
107,641.833333333,41.1
108,644.261111111,41.3
109,646.25,42.6
110,648.016666667,43.3
111,649.705555556,44.1
112,651.327777778,44.3
113,652.783333333,45.7
114,654.277777778,46.5
115,656.111111111,47.3
116,658.055555556,48.1
117,659.888888889,48.3
118,661.555555556,50.6
119,663.0,51.4
120,664.277777778,52.3
121,665.222222222,53.1
122,666.111111111,54.0
123,667.055555556,54.3
124,668.222222222,56.7
125,669.333333333,58.5
126,670.388888889,60.4
127,671.222222222,61.3
128,672.055555556,63.2
129,672.722222222,64.2
130,673.444444444,65.2
131,674.222222222,66.1
132,675.166666667,67.1
133,676.166666667,68.0
134,677.0,68.39
135,677.611111111,69.8
136,678.0,70.7
137,678.611111111,71.6
138,679.611111111,72.5
139,680.777777778,73.4
140,681.666666667,74.2
141,682.111111111,75.1
142,682.444444444,75.3
143,682.722222222,76.8
144,682.944444444,77.7
145,683.0,78.6
146,683.055555556,79.4
147,683.166666667,80.2
148,683.333333333,81.0
149,683.444444444,81.9
150,683.5,82.7
151,683.5,83.5
152,683.5,84.3
153,683.5,85.1
154,683.444444444,85.3
155,683.388888889,86.6
156,683.277777778,87.5
157,683.166666667,88.3
158,682.944444444,89.0
159,682.555555556,89.8
160,681.888888889,90.6
161,680.888888889,92.1
162,679.833333333,92.9
163,678.888888889,93.5
164,678.166666667,94.3
165,677.444444444,95.1
166,676.722222222,95.9
167,676.0,96.6
168,675.333333333,97.3
169,674.555555556,98.0
170,673.722222222,98.7
171,672.666666667,99.4
172,671.666666667,100.0
173,670.5,101.0
174,669.5,102.0
175,668.333333333,102.0
176,667.333333333,103.0
177,666.166666667,104.0
178,665.111111111,106.0
179,663.833333333,106.0
180,662.722222222,107.0
181,661.444444444,109.0
182,660.388888889,111.0
183,659.055555556,111.0
184,657.666666667,113.0
185,655.944444444,114.0
186,654.166666667,115.0
187,652.555555556,116.0
188,650.944444444,116.0
189,649.555555556,117.0
190,647.944444444,118.0
191,646.555555556,119.0
192,644.888888889,119.0
193,643.111111111,120.0
194,640.722222222,120.0
195,638.0,121.0
196,635.222222222,123.0
197,632.611111111,123.0
198,630.166666667,124.0
199,627.444444444,124.0
200,624.333333333,125.0
201,621.0,126.0
202,617.777777778,126.0
203,615.055555556,127.0
204,612.444444444,127.0
205,609.277777778,128.0
206,605.555555556,128.0
207,601.333333333,129.0
208,597.777777778,130.0
209,594.5,130.0
210,592.111111111,131.0
211,589.388888889,131.0
212,586.333333333,132.0
213,582.166666667,132.0
214,578.277777778,133.0
215,574.833333333,133.0
216,571.777777778,134.0
217,567.888888889,134.0
218,563.111111111,135.0
219,558.222222222,135.0
220,553.611111111,136.0
221,549.666666667,136.0
222,545.111111111,136.0
223,540.055555556,137.0
224,533.277777778,137.0
225,526.5,138.0
226,519.055555556,138.0
227,512.333333333,139.0
228,505.444444444,139.0
229,499.555555556,139.0
230,494.166666667,140.0
231,489.388888889,140.0
232,484.95,141.0
233,481.177777778,141.0
234,478.016666667,141.0
235,474.9,142.0
236,471.227777778,142.0
237,467.0,143.0
238,462.555555556,143.0
239,458.166666667,143.0
240,454.222222222,144.0
241,450.277777778,144.0
242,446.333333333,145.0
243,441.611111111,145.0
244,436.888888889,145.0
245,432.222222222,146.0
246,428.055555556,146.0
247,424.055555556,146.0
248,420.5,147.0
249,417.444444444,147.0
250,414.777777778,147.0
251,411.833333333,148.0
252,408.722222222,148.0
253,405.222222222,148.0
254,401.611111111,149.0
255,397.333333333,149.0
256,393.0,149.0
257,388.722222222,150.0
258,384.833333333,150.0
259,380.555555556,150.0
260,375.833333333,151.0
261,370.777777778,151.0
262,366.222222222,151.0
263,362.166666667,151.0
264,358.388888889,152.0
265,354.555555556,152.0
266,350.722222222,152.0
267,347.055555556,153.0
268,343.5,153.0
269,340.0,153.0
270,336.555555556,153.0
271,333.0,154.0
272,329.166666667,154.0
273,325.333333333,154.0
274,321.666666667,154.0
275,318.333333333,155.0
276,313.888888889,155.0
277,308.888888889,155.0
278,303.333333333,155.0
279,298.333333333,156.0
280,292.222222222,156.0
281,285.555555556,156.0
282,278.333333333,156.0
283,272.222222222,157.0
284,266.111111111,157.0
285,260.555555556,157.0
286,255.555555556,157.0
287,251.666666667,157.0
288,248.333333333,158.0
289,244.444444444,158.0
290,240.555555556,158.0
291,236.666666667,158.0
292,233.888888889,159.0
293,231.111111111,159.0
294,227.777777778,159.0
295,223.333333333,159.0
296,218.333333333,159.0
297,214.444444444,159.0
298,211.111111111,160.0
299,208.333333333,160.0
300,205.0,160.0
301,201.666666667,160.0
302,198.888888889,160.0
303,196.111111111,161.0
304,193.888888889,161.0
305,191.111111111,161.0
306,188.333333333,161.0
307,184.444444444,161.0
308,180.0,161.0
309,175.555555556,161.0
310,171.666666667,162.0
311,168.888888889,162.0
312,166.111111111,162.0
313,163.888888889,162.0
314,161.111111111,162.0
315,158.888888889,162.0
316,156.111111111,162.0
317,153.888888889,163.0
318,151.111111111,163.0
319,148.888888889,163.0
320,146.666666667,163.0
321,145.0,163.0
322,143.333333333,163.0
323,141.111111111,163.0
324,138.888888889,163.0
325,136.111111111,164.0
326,133.888888889,164.0
327,131.666666667,164.0
328,130.0,164.0
329,128.333333333,164.0
330,126.111111111,164.0
331,123.888888889,164.0
332,121.666666667,164.0
333,120.0,164.0
334,118.333333333,164.0
335,115.555555556,165.0
336,112.222222222,165.0
337,108.333333333,165.0
338,105.555555556,165.0
339,103.333333333,165.0
340,101.111111111,165.0
341,98.8888888889,165.0
342,96.6666666667,165.0
343,95.0,165.0
344,93.3333333333,165.0
345,91.6666666667,165.0
346,90.0,165.0
347,88.3333333333,165.0
348,86.6666666667,165.0
349,85.0,165.0
350,83.3333333333,166.0
351,81.6666666667,166.0
352,80.0,166.0
353,78.3333333333,166.0
354,76.6666666667,166.0
355,75.0,166.0
356,73.3333333333,166.0
357,71.6666666667,166.0
358,70.0,166.0
359,68.3333333333,166.0
360,66.6666666667,166.0
361,65.5555555556,166.0
362,64.4444444444,166.0
363,63.3333333333,166.0
364,61.6666666667,166.0
365,60.0,166.0
366,58.3333333333,166.0
367,56.6666666667,166.0
368,55.5555555556,166.0
369,54.4444444444,166.0
370,53.3333333333,166.0
371,51.6666666667,166.0
372,50.5555555556,166.0
373,49.4444444444,166.0
374,48.3333333333,166.0
375,46.6666666667,166.0
376,45.5555555556,166.0
377,44.4444444444,166.0
378,43.3333333333,166.0
379,41.6666666667,166.0
380,40.5555555556,166.0
381,39.4444444444,166.0
382,38.3333333333,166.0
383,36.6666666667,166.0
384,35.5555555556,166.0
385,35.0,166.0
386,34.4444444444,166.0
387,33.3333333333,166.0
388,31.6666666667,166.0
389,30.5555555556,166.0
390,29.4444444444,166.0
391,28.3333333333,166.0
392,26.6666666667,166.0
393,25.5555555556,166.0
394,25.0,166.0
395,25.0,166.0
396,24.4444444444,166.0
397,23.3333333333,166.0
398,21.6666666667,166.0
399,20.5555555556,166.0
400,20.0,166.0
401,19.4444444444,166.0
402,18.3333333333,166.0
403,16.6666666667,166.0
404,15.5555555556,166.0
405,15.0,166.0
406,15.0,166.0
407,15.0,166.0
408,14.4444444444,166.0
409,13.3333333333,165.0
410,11.6666666667,165.0
411,10.5555555556,165.0
412,10.0,165.0
413,10.0,165.0
414,10.0,165.0
415,9.44444444444,165.0
416,8.33333333333,165.0
417,6.66666666667,165.0
418,5.55555555556,165.0
419,5.0,165.0
420,5.0,165.0
421,5.0,165.0
422,5.0,165.0
423,4.44444444444,165.0
424,3.33333333333,165.0
425,1.66666666667,165.0
426,0.555555555556,165.0
427,0.0,165.0
428,0.0,165.0
429,0.0,165.0
430,0.0,165.0
431,0.0,165.0
432,0.0,165.0
433,-0.555555555556,165.0
434,-1.66666666667,165.0
435,-3.33333333333,165.0
436,-4.44444444444,165.0
437,-5.0,164.0
438,-5.0,164.0
439,-5.0,164.0
440,-5.0,164.0
441,-5.0,164.0
442,-5.0,164.0
443,-5.0,164.0
444,-5.0,164.0
445,-5.0,164.0
446,-5.0,164.0
447,-5.0,164.0
448,-5.55555555556,164.0
449,-6.66666666667,164.0
450,-8.33333333333,164.0
451,-9.44444444444,164.0
452,-10.0,164.0
453,-10.0,164.0
454,-10.0,164.0
455,-10.0,164.0
456,-10.0,164.0
457,-10.0,164.0
458,-10.0,164.0
459,-10.0,164.0
460,-10.0,164.0
461,-10.0,164.0
462,-10.0,164.0
463,-10.0,164.0
464,-10.0,164.0
465,-10.0,164.0
466,-10.0,164.0
467,-10.0,164.0
468,-10.0,164.0
469,-10.0,164.0
470,-10.0,164.0
471,-10.0,164.0
472,-10.0,164.0
473,-10.0,164.0
474,-10.0,164.0
475,-10.0,164.0
476,-10.0,164.0
477,-10.0,164.0
478,-10.0,164.0
479,-10.0,164.0
480,-10.0,164.0
481,-10.0,164.0
482,-10.0,164.0
483,-10.0,164.0
484,-10.0,164.0
485,-10.0,164.0
486,-10.0,164.0
487,-10.0,164.0
488,-10.0,164.0
489,-10.0,164.0
490,-10.0,164.0
491,-10.0,164.0
492,-10.0,164.0
493,-10.0,164.0
494,-10.0,164.0
495,-10.0,164.0
496,-10.0,164.0
497,-10.0,164.0
498,-10.0,164.0
499,-10.0,164.0
500,-10.0,164.0
501,-10.0,164.0
502,-10.0,164.0
503,-10.0,164.0
504,-10.0,164.0
505,-10.0,164.0
506,-10.0,164.0
507,-9.44444444444,164.0
508,-8.33333333333,164.0
509,-6.66666666667,164.0
510,-5.55555555556,164.0
511,-5.0,164.0
512,-5.0,164.0
513,-5.0,164.0
514,-5.0,164.0
515,-5.0,164.0
516,-5.0,164.0
517,-5.0,164.0
518,-5.0,164.0
519,-5.0,164.0
520,-5.0,164.0
521,-5.0,164.0
522,-5.0,164.0
523,-5.0,164.0
524,-5.0,164.0
525,-5.0,164.0
526,-5.0,164.0
527,-5.0,164.0
528,-5.0,164.0
529,-5.0,164.0
530,-5.0,164.0
531,-5.0,164.0
532,-5.0,164.0
533,-5.0,164.0
534,-5.0,164.0
535,-4.44444444444,164.0
536,-3.33333333333,164.0
537,-1.66666666667,164.0
538,-0.555555555556,164.0
539,0.0,164.0
540,0.0,164.0
541,0.0,164.0
542,0.0,164.0
543,0.0,164.0
544,0.0,164.0
545,0.0,164.0
546,0.0,164.0
547,0.0,164.0
548,0.0,164.0
549,0.0,164.0
550,0.0,164.0
551,0.0,164.0
552,0.0,164.0
553,0.0,164.0
554,0.0,164.0
555,0.0,164.0
556,0.0,164.0
557,0.0,164.0
558,0.0,164.0
559,0.0,164.0
560,0.0,164.0
561,0.0,164.0
562,0.0,164.0
563,0.0,164.0
564,0.0,164.0
565,0.0,164.0
566,0.0,164.0
567,0.0,164.0
568,0.0,164.0
569,0.0,164.0
570,0.0,164.0
571,0.0,164.0
572,0.0,164.0
573,0.0,164.0
574,0.0,164.0
575,0.0,164.0
576,0.0,164.0
577,0.0,164.0
578,0.0,164.0
579,0.0,164.0
580,0.0,164.0
581,0.0,164.0
582,0.0,164.0
583,0.0,164.0
584,0.0,164.0
585,0.0,164.0
586,0.0,164.0
587,0.0,164.0
588,0.0,164.0
589,0.0,164.0
590,0.0,164.0
591,0.0,164.0
592,0.0,164.0
593,0.0,164.0
594,0.0,164.0
595,0.0,164.0
596,0.0,164.0
597,0.0,164.0
598,0.0,164.0
599,0.0,164.0
600,0.0,164.0
601,0.0,164.0
602,0.0,164.0
603,0.0,164.0
604,0.0,164.0
605,0.0,164.0
606,0.0,164.0
607,0.0,164.0
608,0.0,164.0
609,0.0,164.0
610,0.0,164.0
611,0.0,164.0
612,0.0,164.0
613,0.0,164.0
614,0.0,164.0
615,0.0,164.0
616,0.0,164.0
617,0.0,164.0
618,0.0,164.0
619,0.0,164.0
620,0.0,164.0
621,0.0,164.0
622,0.0,164.0
623,0.0,164.0
624,0.0,164.0
625,0.0,164.0
626,0.0,164.0
627,0.0,164.0
628,0.0,164.0
629,0.0,164.0
630,0.0,164.0
631,0.0,164.0
632,0.0,164.0
633,0.0,164.0
634,0.0,164.0
635,0.0,164.0
636,0.0,164.0
637,0.0,164.0
638,0.0,164.0
639,0.0,164.0
640,0.0,164.0
641,0.0,164.0
642,0.0,164.0
643,0.0,164.0
644,0.0,164.0
645,0.0,164.0
646,0.0,164.0
647,0.0,164.0
648,0.0,164.0
649,0.0,164.0
650,0.0,164.0
651,0.0,164.0
652,0.0,164.0
653,0.0,164.0
654,0.0,164.0
655,0.0,164.0
656,0.0,164.0
657,0.0,164.0
658,0.0,164.0
659,0.0,164.0
660,0.0,164.0
661,0.0,164.0
662,0.0,164.0
663,0.0,164.0
664,0.0,164.0
665,0.0,164.0
666,0.0,164.0
667,0.0,164.0
668,0.0,164.0
669,0.0,164.0
670,0.0,164.0
671,0.0,164.0
672,0.0,164.0
673,0.0,164.0
674,0.0,164.0
675,0.0,164.0
676,0.0,164.0
677,0.0,164.0
678,0.0,164.0
679,0.0,164.0
680,0.0,164.0
681,0.0,164.0
682,0.0,164.0
683,0.0,164.0
684,0.0,164.0
685,0.0,164.0
686,0.0,164.0
687,0.0,164.0
688,0.0,164.0
689,0.0,164.0
690,0.0,164.0
691,0.0,164.0
692,0.0,164.0
693,0.0,164.0
694,0.0,164.0
695,0.0,164.0
696,0.0,164.0
697,0.0,164.0
698,0.0,164.0
699,0.0,164.0
700,0.0,164.0
701,0.0,164.0
702,0.0,164.0
703,0.0,164.0
704,0.0,164.0
705,0.0,164.0
706,0.0,164.0
707,0.0,164.0
708,0.0,164.0
709,0.0,164.0
710,0.0,164.0
711,0.0,164.0
712,0.0,164.0
713,0.0,164.0
714,0.0,164.0
715,0.0,164.0
716,0.0,164.0
717,0.0,164.0
718,0.0,164.0
719,0.0,164.0
720,0.0,164.0
721,0.0,164.0
722,0.0,164.0
723,0.0,164.0
724,0.0,164.0
725,0.0,164.0
726,0.0,164.0
727,0.0,164.0
728,0.0,164.0
729,0.0,164.0
730,0.0,164.0
731,0.0,164.0
732,0.0,164.0
733,0.0,164.0
734,0.0,164.0
735,0.0,164.0
736,0.0,164.0
737,0.0,164.0
738,0.0,164.0
739,0.0,164.0
740,0.0,164.0
741,0.0,164.0
742,0.0,164.0
743,0.0,164.0
744,0.0,164.0
745,0.0,164.0
746,0.0,164.0
747,0.0,164.0
748,0.0,164.0
749,0.0,164.0
750,0.0,164.0
751,0.0,164.0
752,0.0,164.0
753,0.0,164.0
754,0.0,164.0
755,0.0,164.0
756,0.0,164.0
757,0.0,164.0
758,0.0,164.0
759,0.0,164.0
760,0.0,164.0
761,0.0,164.0
762,0.0,164.0
763,0.0,164.0
764,0.0,164.0
765,0.0,164.0
766,0.0,164.0
767,0.0,164.0
768,0.0,164.0
769,0.0,164.0
770,0.0,164.0
771,0.0,164.0
772,0.0,164.0
773,0.0,164.0
774,0.0,164.0
775,0.0,164.0
776,0.0,164.0
777,0.0,164.0
778,0.0,164.0
779,0.0,164.0
780,0.0,164.0
781,0.0,164.0
782,0.0,164.0
783,0.0,164.0
784,0.0,164.0
785,0.0,164.0
786,0.0,164.0
787,0.0,164.0
788,0.0,164.0
789,0.0,164.0
790,0.0,164.0
791,0.0,164.0
792,0.0,164.0
793,0.0,164.0
794,0.0,164.0
795,0.0,164.0
796,0.0,164.0
797,0.0,164.0
798,0.0,164.0
799,0.0,164.0
800,0.0,164.0
801,0.0,164.0
802,0.0,164.0
803,0.0,164.0
804,0.0,164.0
805,0.0,164.0
806,0.0,164.0
807,0.0,164.0
808,0.0,164.0
809,0.0,164.0
810,0.0,164.0
811,0.0,164.0
812,0.0,164.0
813,0.0,164.0
814,0.0,164.0
815,0.0,164.0
816,0.0,164.0
817,0.0,164.0
818,0.0,164.0
819,0.0,164.0
820,0.0,164.0
821,0.0,164.0
822,0.0,164.0
823,0.0,164.0
824,0.0,164.0
825,0.0,164.0
826,0.0,164.0
827,0.0,164.0
828,0.0,164.0
829,0.0,164.0
830,0.0,164.0
831,0.0,164.0
832,0.0,164.0
833,0.0,164.0
834,0.0,164.0
835,0.0,164.0
836,0.0,164.0
837,0.0,164.0
838,0.0,164.0
839,0.0,164.0
840,0.0,164.0
841,0.0,164.0
842,0.0,164.0
843,0.0,164.0
844,0.0,164.0
845,0.0,164.0
846,0.0,164.0
847,0.0,164.0
848,0.0,164.0
849,0.0,164.0
850,0.0,164.0
851,0.0,164.0
852,0.0,164.0
853,0.0,164.0
854,0.0,164.0
855,0.0,164.0
856,0.0,164.0
857,0.0,164.0
858,0.0,164.0
859,0.0,164.0
860,0.0,164.0
861,0.0,164.0
862,0.0,164.0
863,0.0,164.0
864,0.0,164.0
865,0.0,164.0
866,0.0,164.0
867,0.0,164.0
868,0.0,164.0
869,0.0,164.0
870,0.0,164.0
871,0.0,164.0
872,0.0,164.0
873,0.0,164.0
874,0.0,164.0
875,0.0,164.0
876,0.0,164.0
877,0.0,164.0
878,0.0,164.0
879,0.0,164.0
880,0.0,164.0
881,0.0,164.0
882,0.0,164.0
883,0.0,164.0
884,0.0,164.0
885,0.0,164.0
886,0.0,164.0
887,0.0,164.0
888,0.0,164.0
889,0.0,164.0
890,0.0,164.0
891,0.0,164.0
892,0.0,164.0
893,0.0,164.0
894,0.0,164.0
895,0.0,164.0
896,0.0,164.0
897,0.0,164.0
898,0.0,164.0
899,0.0,164.0
900,0.0,164.0
901,0.0,164.0
902,0.0,164.0
903,0.0,164.0
904,0.0,164.0
905,0.0,164.0
906,0.0,164.0
907,0.0,164.0
908,0.0,164.0
909,0.0,164.0
910,0.0,164.0
911,0.0,164.0
912,0.0,164.0
913,0.0,164.0
914,0.0,164.0
915,0.0,164.0
916,0.0,164.0
917,0.0,164.0
918,0.0,164.0
919,0.0,164.0
920,0.0,164.0
921,0.0,164.0
922,0.0,164.0
923,0.0,164.0
924,0.0,164.0
925,0.0,164.0
926,0.0,164.0
927,0.0,164.0
928,0.0,164.0
929,0.0,164.0
930,0.0,164.0
931,0.0,164.0
932,0.0,164.0
933,0.0,164.0
934,0.0,164.0
935,0.0,164.0
936,0.0,164.0
937,0.0,164.0
938,0.0,164.0
939,0.0,164.0
940,0.0,164.0
941,0.0,164.0
942,0.0,164.0
943,0.0,164.0
944,0.0,164.0
945,0.0,164.0
946,0.0,164.0
947,0.0,164.0
948,0.0,164.0
949,0.0,164.0
950,0.0,164.0
951,0.0,164.0
952,0.0,164.0
953,0.0,164.0
954,0.0,164.0
955,0.0,164.0
956,0.0,164.0
957,0.0,164.0
958,0.0,164.0
959,0.0,164.0
960,0.0,164.0
961,0.0,164.0
962,0.0,164.0
963,0.0,164.0
964,0.0,164.0
965,0.0,164.0
966,0.0,164.0
967,0.0,164.0
968,0.0,164.0
969,0.0,164.0
970,0.0,164.0
971,0.0,164.0
972,0.0,164.0
973,0.0,164.0
974,0.0,164.0
975,0.0,164.0
976,0.0,164.0
977,0.0,164.0
978,0.0,164.0
979,0.0,164.0
980,0.0,164.0
981,0.0,164.0
982,0.0,164.0
983,0.0,164.0
984,0.0,164.0
985,0.0,164.0
986,0.0,164.0
987,0.0,164.0
988,0.0,164.0
989,0.0,164.0
990,0.0,164.0
991,0.0,164.0
992,0.0,164.0
993,0.0,164.0
994,0.0,164.0
995,0.0,164.0
996,0.0,164.0
997,0.0,164.0
998,0.0,164.0
999,0.0,164.0
1000,0.0,164.0
1001,0.0,164.0
1002,0.0,164.0
1003,0.0,164.0
1004,0.0,164.0
1005,0.0,164.0
1006,0.0,164.0
1007,0.0,164.0
1008,0.0,164.0
1009,0.0,164.0
1010,0.0,164.0
1011,0.0,164.0
1012,0.0,164.0
1013,0.0,164.0
1014,0.0,164.0
1015,0.0,164.0
1016,0.0,164.0
1017,0.0,164.0
1018,0.0,164.0
1019,0.0,164.0
1020,0.0,164.0
1021,0.0,164.0
1022,0.0,164.0
1023,0.0,164.0
1024,0.0,164.0
1025,0.0,164.0
1026,0.0,164.0
1027,0.0,164.0
1028,0.0,164.0
1029,0.0,164.0
1030,0.0,164.0
1031,0.0,164.0
1032,0.0,164.0
1033,0.0,164.0
1034,0.0,164.0
1035,0.0,164.0
1036,0.0,164.0
1037,0.0,164.0
1038,0.0,164.0
1039,0.0,164.0
1040,0.0,164.0
1041,0.0,164.0
1042,0.0,164.0
1043,0.0,164.0
1044,0.0,164.0
1045,0.0,164.0
1046,0.0,164.0
1047,0.0,164.0
1048,0.0,164.0
1049,0.0,164.0
1050,0.0,164.0
1051,0.0,164.0
1052,0.0,164.0
1053,0.0,164.0
1054,0.0,164.0
1055,0.0,164.0
1056,0.0,164.0
1057,0.0,164.0
1058,0.0,164.0
1059,0.0,164.0
1060,0.0,164.0
1061,0.0,164.0
1062,0.0,164.0
1063,0.0,164.0
1064,0.0,164.0
1065,0.0,164.0
1066,0.0,164.0
1067,0.0,164.0
1068,0.0,164.0
1069,0.0,164.0
1070,0.0,164.0
1071,0.0,164.0
1072,0.0,164.0
1073,0.0,164.0
1074,0.0,164.0
1075,0.0,164.0
1076,0.0,164.0
1077,0.0,164.0
1078,0.0,164.0
1079,0.0,164.0
1080,0.0,164.0
1081,0.0,164.0
1082,0.0,164.0
1083,0.0,164.0
1084,0.0,164.0
1085,0.0,164.0
1086,0.0,164.0
1087,0.0,164.0
1088,0.0,164.0
1089,0.0,164.0
1090,0.0,164.0
1091,0.0,164.0
1092,0.0,164.0
1093,0.0,164.0
1094,0.0,164.0
1095,0.0,164.0
1096,0.0,164.0
1097,0.0,164.0
1098,0.0,164.0
1099,0.0,164.0
1100,0.0,164.0
1101,0.0,164.0
1102,0.0,164.0
1103,0.0,164.0
1104,0.0,164.0
1105,0.0,164.0
1106,0.0,164.0
1107,0.0,164.0
1108,0.0,164.0
1109,0.0,164.0
1110,0.0,164.0
1111,0.0,164.0
1112,0.0,164.0
1113,0.0,164.0
1114,0.0,164.0
1115,0.0,164.0
1116,0.0,164.0
1117,0.0,164.0
1118,0.0,164.0
1119,0.0,164.0
1120,0.0,164.0
1121,0.0,164.0
1122,0.0,164.0
1123,0.0,164.0
1124,0.0,164.0
1125,0.0,164.0
1126,0.0,164.0
1127,0.0,164.0
1128,0.0,164.0
1129,0.0,164.0
1130,0.0,164.0
1131,0.0,164.0
1132,0.0,164.0
1133,0.0,164.0
1134,0.0,164.0
1135,0.0,164.0
1136,0.0,164.0
1137,0.0,164.0
1138,0.0,164.0
1139,0.0,164.0
1140,0.0,164.0
1141,0.0,164.0
1142,0.0,164.0
1143,0.0,164.0
1144,0.0,164.0
1145,0.0,164.0
1146,0.0,164.0
1147,0.0,164.0
1148,0.0,164.0
1149,0.0,164.0
1150,0.0,164.0
1151,0.0,164.0
1152,0.0,164.0
1153,0.0,164.0
1154,0.0,164.0
1155,0.0,164.0
1156,0.0,164.0
1157,0.0,164.0
1158,0.0,164.0
1159,0.0,164.0
1160,0.0,164.0
1161,0.0,164.0
1162,0.0,164.0
1163,0.0,164.0
1164,0.0,164.0
1165,0.0,164.0
1166,0.0,164.0
1167,0.0,164.0
1168,0.0,164.0
1169,0.0,164.0
1170,0.0,164.0
1171,0.0,164.0
1172,0.0,164.0
1173,0.0,164.0
1174,0.0,164.0
1175,0.0,164.0
1176,0.0,164.0
1177,0.0,164.0
1178,0.0,164.0
1179,0.0,164.0
1180,0.0,164.0
1181,0.0,164.0
1182,0.0,164.0
1183,0.0,164.0
1184,0.0,164.0
1185,0.0,164.0
1186,0.0,164.0
1187,0.0,164.0
1188,0.0,164.0
1189,0.0,164.0
1190,0.0,164.0
1191,0.0,164.0
1192,0.0,164.0
1193,0.0,164.0
1194,0.0,164.0
1195,0.0,164.0
1196,0.0,164.0
1197,0.0,164.0
1198,0.0,164.0
1199,0.0,164.0
1200,0.0,164.0
1201,0.0,164.0
1202,0.0,164.0
1203,0.0,164.0
1204,0.0,164.0
1205,0.0,164.0
1206,0.0,164.0
1207,0.0,164.0
1208,0.0,164.0
1209,0.0,164.0
1210,0.0,164.0
1211,0.0,164.0
1212,0.0,164.0
1213,0.0,164.0
1214,0.0,164.0
1215,0.0,164.0
1216,0.0,164.0
1217,0.0,164.0
1218,0.0,164.0
1219,0.0,164.0
1220,0.0,164.0
1221,0.0,164.0
1222,0.0,164.0
1223,0.0,164.0
1224,0.0,164.0
1225,0.0,164.0
1226,0.0,164.0
1227,0.0,164.0
1228,0.0,164.0
1229,0.0,164.0
1230,0.0,164.0
1231,0.0,164.0
1232,0.0,164.0
1233,0.0,164.0
1234,0.0,164.0
1235,0.0,164.0
1236,0.0,164.0
1237,0.0,164.0
1238,0.0,164.0
1239,0.0,164.0
1240,0.0,164.0
1241,0.0,164.0
1242,0.0,164.0
1243,0.0,164.0
1244,0.0,164.0
1245,0.0,164.0
1246,0.0,164.0
1247,0.0,164.0
1248,0.0,164.0
1249,0.0,164.0
1250,0.0,164.0
1251,0.0,164.0
1252,0.0,164.0
1253,0.0,164.0
1254,0.0,164.0
1255,0.0,164.0
1256,0.0,164.0
1257,0.0,164.0
1258,0.0,164.0
1259,0.0,164.0
1260,0.0,164.0
1261,0.0,164.0
1262,0.0,164.0
1263,0.0,164.0
1264,0.0,164.0
1265,0.0,164.0
1266,0.0,164.0
1267,0.0,164.0
1268,0.0,164.0
1269,0.0,164.0
1270,0.0,164.0
1271,0.0,164.0
1272,0.0,164.0
1273,0.0,164.0
1274,0.0,164.0
1275,0.0,164.0
1276,0.0,164.0
1277,0.0,164.0
1278,0.0,164.0
1279,0.0,164.0
1280,0.0,164.0
1281,0.0,164.0
1282,0.0,164.0
1283,0.0,164.0
1284,0.0,164.0
1285,0.0,164.0
1286,0.0,164.0
1287,0.0,164.0
1288,0.0,164.0
1289,0.0,164.0
1290,0.0,164.0
1291,0.0,164.0
1292,0.0,164.0
1293,0.0,164.0
1294,0.0,164.0
1295,0.0,164.0
1296,0.0,164.0
1297,0.0,164.0
1298,0.0,164.0
1299,0.0,164.0
1300,0.0,164.0
1301,0.0,164.0
1302,0.0,164.0
1303,0.0,164.0
1304,0.0,164.0
1305,0.0,164.0
1306,0.0,164.0
1307,0.0,164.0
1308,0.0,164.0
1309,0.0,164.0
1310,0.0,164.0
1311,0.0,164.0
1312,0.0,164.0
1313,0.0,164.0
1314,0.0,164.0
1315,0.0,164.0
1316,0.0,164.0
1317,0.0,164.0
1318,0.0,164.0
1319,0.0,164.0
1320,0.0,164.0
1321,0.0,164.0
1322,0.0,164.0
1323,0.0,164.0
1324,0.0,164.0
1325,0.0,164.0
1326,0.0,164.0
1327,0.0,164.0
1328,0.0,164.0
1329,0.0,164.0
1330,0.0,164.0
1331,0.0,164.0
1332,0.0,164.0
1333,0.0,164.0
1334,0.0,164.0
1335,0.0,164.0
1336,0.0,164.0
1337,3.87051224994,164.0
1338,16.483750281,164.0
1339,35.9281947254,164.0
1340,54.8354602532,164.0
1341,65.5555555556,164.0
1342,70.0,164.0
1343,71.6666666667,164.0
1344,73.3333333333,164.0
1345,74.4444444444,164.0
1346,75.0,164.0
1347,75.0,164.0
1348,75.0,164.0
1349,75.0,164.0
1350,75.0,164.0
1351,75.0,164.0
1352,75.0,164.0
1353,75.0,164.0
1354,75.0,164.0
1355,75.0,164.0
1356,75.0,164.0
1357,75.0,164.0
1358,75.0,164.0
1359,75.0,164.0
1360,75.0,164.0
1361,75.0,164.0
1362,75.0,164.0
1363,75.0,164.0
1364,75.0,164.0
1365,75.0,164.0
1366,75.0,164.0
1367,75.0,164.0
1368,75.0,164.0
1369,75.0,164.0
1370,75.0,164.0
1371,75.0,164.0
1372,75.5555555556,164.0
1373,76.6666666667,164.0
1374,78.3333333333,164.0
1375,79.4444444444,164.0
1376,80.0,164.0
1377,80.0,164.0
1378,80.0,164.0
1379,80.0,164.0
1380,80.0,164.0
1381,80.0,164.0
1382,80.0,164.0
1383,80.0,164.0
1384,80.0,164.0
1385,80.0,164.0
1386,80.0,164.0
1387,80.0,164.0
1388,80.0,164.0
1389,80.0,164.0
1390,80.0,164.0
1391,80.0,164.0
1392,80.0,164.0
1393,80.0,164.0
1394,80.0,164.0
1395,80.0,164.0
1396,80.0,164.0
1397,80.0,164.0
1398,80.0,164.0
1399,80.0,164.0
1400,80.0,164.0
1401,80.0,164.0
1402,80.5555555556,164.0
1403,81.6666666667,164.0
1404,83.3333333333,164.0
1405,84.4444444444,164.0
1406,85.0,164.0
1407,85.0,164.0
1408,85.0,164.0
1409,85.0,164.0
1410,85.0,164.0
1411,85.0,164.0
1412,85.0,164.0
1413,85.0,164.0
1414,85.0,164.0
1415,85.0,164.0
1416,85.0,164.0
1417,85.0,164.0
1418,85.0,164.0
1419,85.0,164.0
1420,85.0,164.0
1421,85.0,164.0
1422,85.0,164.0
1423,85.0,164.0
1424,85.0,164.0
1425,85.0,164.0
1426,85.0,164.0
1427,85.0,164.0
1428,85.0,164.0
1429,85.0,164.0
1430,85.0,164.0
1431,85.5555555556,164.0
1432,86.6666666667,164.0
1433,88.3333333333,164.0
1434,89.4444444444,164.0
1435,90.0,164.0
1436,90.0,164.0
1437,90.0,164.0
1438,90.0,164.0
1439,90.0,172.0
1440,90.0,177.0
1441,90.0,178.0
1442,90.0,178.0
1443,90.0,178.0
1444,90.0,179.0
1445,90.0,179.0
1446,90.0,179.0
1447,90.0,179.0
1448,90.0,179.0
1449,90.0,179.0
1450,90.0,179.0
1451,90.0,179.0
1452,90.0,179.0
1453,90.0,179.0
1454,90.0,179.0
1455,90.0,179.0
1456,90.0,179.0
1457,90.0,179.0
1458,90.0,179.0
1459,90.5555555556,179.0
1460,91.6666666667,179.0
1461,93.3333333333,179.0
1462,94.4444444444,179.0
1463,95.0,179.0
1464,95.0,179.0
1465,95.0,179.0
1466,95.0,179.0
1467,95.0,179.0
1468,95.0,179.0
1469,95.0,179.0
1470,95.0,179.0
1471,95.0,179.0
1472,95.0,179.0
1473,95.0,179.0
1474,95.0,180.0
1475,95.0,180.0
1476,95.5555555556,180.0
1477,96.6666666667,180.0
1478,98.3333333333,180.0
1479,99.4444444444,180.0
1480,100.0,180.0
1481,100.0,180.0
1482,100.0,180.0
1483,100.0,180.0
1484,100.0,180.0
1485,100.0,180.0
1486,100.0,180.0
1487,100.555555556,180.0
1488,101.666666667,180.0
1489,103.333333333,180.0
1490,104.444444444,180.0
1491,105.0,180.0
1492,105.0,180.0
1493,105.0,180.0
1494,105.555555556,180.0
1495,106.666666667,180.0
1496,108.333333333,180.0
1497,109.444444444,180.0
1498,110.0,180.0
1499,110.0,180.0
1500,110.555555556,180.0
1501,111.666666667,180.0
1502,113.333333333,180.0
1503,114.444444444,180.0
1504,115.0,181.0
1505,115.555555556,181.0
1506,116.666666667,181.0
1507,118.333333333,181.0
1508,119.444444444,181.0
1509,120.555555556,181.0
1510,121.666666667,181.0
1511,123.333333333,181.0
1512,125.0,181.0
1513,126.666666667,181.0
1514,128.333333333,181.0
1515,129.444444444,181.0
1516,130.555555556,181.0
1517,131.666666667,181.0
1518,133.333333333,181.0
1519,135.0,181.0
1520,136.666666667,181.0
1521,138.333333333,181.0
1522,140.0,181.0
1523,141.666666667,181.0
1524,143.333333333,181.0
1525,145.0,181.0
1526,146.666666667,181.0
1527,148.888888889,181.0
1528,151.111111111,181.0
1529,153.333333333,181.0
1530,155.0,181.0
1531,156.666666667,181.0
1532,158.888888889,181.0
1533,161.111111111,182.0
1534,163.333333333,182.0
1535,164.444444444,182.0
1536,165.0,182.0
1537,161.666666667,182.0
1538,152.481511351,182.0
1539,137.481511351,182.0
1540,123.037066906,182.0
1541,113.888888889,182.0
1542,111.111111111,182.0
1543,111.666666667,182.0
1544,113.333333333,182.0
1545,115.0,182.0
1546,116.666666667,182.0
1547,118.888888889,182.0
1548,121.111111111,182.0
1549,123.888888889,182.0
1550,126.111111111,182.0
1551,128.888888889,182.0
1552,131.666666667,182.0
1553,135.0,182.0
1554,138.333333333,182.0
1555,141.111111111,182.0
1556,143.888888889,182.0
1557,146.111111111,182.0
1558,148.888888889,182.0
1559,152.777777778,182.0
1560,158.888888889,182.0
1561,166.666666667,183.0
1562,173.333333333,183.0
1563,178.333333333,183.0
1564,181.666666667,183.0
1565,185.0,183.0
1566,188.333333333,183.0
1567,191.666666667,183.0
1568,195.0,183.0
1569,198.333333333,183.0
1570,201.666666667,183.0
1571,205.555555556,183.0
1572,209.444444444,183.0
1573,213.333333333,183.0
1574,216.111111111,183.0
1575,218.888888889,183.0
1576,221.666666667,183.0
1577,225.555555556,183.0
1578,230.0,184.0
1579,234.444444444,184.0
1580,238.333333333,184.0
1581,241.666666667,184.0
1582,245.555555556,184.0
1583,250.0,184.0
1584,254.444444444,184.0
1585,258.333333333,184.0
1586,261.666666667,184.0
1587,265.555555556,184.0
1588,270.0,184.0
1589,275.0,185.0
1590,279.444444444,185.0
1591,283.333333333,185.0
1592,286.666666667,185.0
1593,290.555555556,185.0
1594,295.0,185.0
1595,300.0,185.0
1596,305.0,186.0
1597,310.0,186.0
1598,315.0,186.0
1599,320.0,186.0
1600,325.0,186.0
1601,329.444444444,186.0
1602,332.777777778,187.0
1603,335.0,187.0
1604,337.222222222,187.0
1605,340.555555556,187.0
1606,345.0,187.0
1607,350.0,188.0
1608,355.0,188.0
1609,360.0,188.0
1610,365.0,188.0
1611,370.0,189.0
1612,375.0,189.0
1613,380.0,189.0
1614,385.0,190.0
1615,390.0,190.0
1616,395.0,190.0
1617,400.0,190.0
1618,405.555555556,191.0
1619,411.666666667,191.0
1620,418.333333333,191.0
1621,424.444444444,192.0
1622,430.0,192.0
1623,435.0,192.0
1624,440.0,193.0
1625,445.0,193.0
1626,450.0,193.0
1627,455.0,194.0
1628,460.0,194.0
1629,465.555555556,195.0
1630,471.666666667,195.0
1631,477.777777778,195.0
1632,482.777777778,196.0
1633,486.666666667,196.0
1634,490.555555556,197.0
1635,495.555555556,197.0
1636,501.666666667,197.0
1637,508.333333333,198.0
1638,514.444444444,198.0
1639,520.0,199.0
1640,525.555555556,199.0
1641,531.666666667,200.0
1642,538.333333333,200.0
1643,544.444444444,201.0
1644,550.0,201.0
1645,555.555555556,202.0
1646,561.666666667,202.0
1647,568.333333333,203.0
1648,574.444444444,203.0
1649,580.555555556,204.0
1650,586.666666667,204.0
1651,593.333333333,205.0
1652,600.0,205.0
1653,606.666666667,206.0
1654,613.333333333,207.0
1655,619.444444444,207.0
1656,625.555555556,208.0
1657,631.666666667,208.0
1658,638.333333333,209.0
1659,644.444444444,209.0
1660,650.0,210.0
1661,655.0,213.0
1662,660.555555556,214.0
1663,666.666666667,215.0
1664,673.888888889,215.0
1665,681.111111111,216.0
1666,688.333333333,217.0
1667,695.0,217.0
1668,701.666666667,218.0
1669,708.333333333,219.0
1670,715.0,219.0
1671,721.666666667,220.0
1672,728.888888889,221.0
1673,736.111111111,222.0
1674,743.888888889,223.0
1675,751.111111111,224.0
1676,757.777777778,224.0
1677,763.333333333,225.0
1678,768.333333333,226.0
1679,774.444444444,227.0
1680,781.111111111,228.0
1681,788.888888889,228.0
1682,796.111111111,229.0
1683,803.888888889,230.0
1684,811.111111111,231.0
1685,818.888888889,232.0
1686,826.111111111,232.0
1687,833.333333333,233.0
1688,839.444444444,234.0
1689,845.555555556,235.0
1690,851.666666667,236.0
1691,858.888888889,237.0
1692,866.111111111,237.0
1693,873.888888889,238.0
1694,881.111111111,239.0
1695,888.333333333,240.0
1696,895.0,241.0
1697,901.666666667,242.0
1698,908.888888889,243.0
1699,916.111111111,244.0
1700,923.333333333,245.0
1701,930.0,246.0
1702,936.666666667,247.0
1703,943.888888889,247.0
1704,951.666666667,248.0
1705,959.444444444,249.0
1706,966.666666667,250.0
1707,973.333333333,251.0
1708,980.555555556,252.0
1709,987.777777778,253.0
1710,994.444444444,254.0
1711,1000.55555556,255.0
1712,1006.66666667,256.0
1713,1013.33333333,257.0
1714,1020.0,258.0
1715,1027.22222222,259.0
1716,1035.0,260.0
1717,1042.77777778,261.0
1718,1050.0,262.0
1719,1057.22222222,263.0
1720,1065.55555556,265.0
1721,1075.0,266.0
1722,1084.44444444,267.0
1723,1092.77777778,268.0
1724,1100.0,269.0
1725,1106.66666667,270.0
1726,1113.88888889,271.0
1727,1120.55555556,272.0
1728,1127.22222222,273.0
1729,1133.33333333,274.0
1730,1140.55555556,275.0
1731,1148.33333333,277.0
1732,1155.55555556,278.0
1733,1162.22222222,279.0
1734,1168.33333333,280.0
1735,1175.55555556,281.0
1736,1183.33333333,282.0
1737,1191.11111111,284.0
1738,1198.33333333,285.0
1739,1204.44444444,286.0
1740,1210.55555556,287.0
1741,1216.66666667,288.0
1742,1223.88888889,290.0
1743,1231.11111111,291.0
1744,1238.88888889,292.0
1745,1245.55555556,293.0
1746,1252.22222222,294.0
1747,1257.77777778,296.0
1748,1264.44444444,297.0
1749,1271.11111111,298.0
1750,1278.88888889,299.0
1751,1286.11111111,301.0
1752,1293.33333333,302.0
1753,1300.0,303.0
1754,1306.66666667,305.0
1755,1313.88888889,306.0
1756,1321.11111111,307.0
1757,1328.33333333,308.0
1758,1334.44444444,310.0
1759,1339.44444444,311.0
1760,1343.33333333,312.0
1761,1346.11111111,314.0
1762,1349.44444444,315.0
1763,1353.33333333,316.0
1764,1358.88888889,318.0
1765,1365.0,319.0
1766,1371.66666667,321.0
1767,1378.33333333,322.0
1768,1385.0,323.0
1769,1392.22222222,325.0
1770,1400.0,326.0
1771,1407.77777778,327.0
1772,1414.44444444,329.0
1773,1420.0,330.0
1774,1426.66666667,332.0
1775,1435.0,333.0
1776,1445.0,335.0
1777,1455.55555556,336.0
1778,1466.66666667,337.0
1779,1478.88888889,339.0
1780,1489.44444444,340.0
1781,1498.88888889,342.0
1782,1506.11111111,343.0
1783,1513.33333333,345.0
1784,1520.0,346.0
1785,1527.77777778,348.0
1786,1536.66666667,349.0
1787,1546.66666667,351.0
1788,1555.55555556,352.0
1789,1563.33333333,354.0
1790,1570.0,355.0
1791,1576.66666667,357.0
1792,1582.77777778,358.0
1793,1587.22222222,360.0
1794,1589.44444444,361.0
1795,1590.0,363.0
1796,1590.0,365.0
1797,1590.0,366.0
1798,1590.0,368.0
1799,1590.0,369.0
1800,1590.0,371.0
1801,1590.0,372.0
1802,1590.0,374.0
1803,1590.0,376.0
1804,1590.0,377.0
1805,1590.0,379.0
1806,1590.0,381.0
1807,1590.0,382.0
1808,1590.0,384.0
1809,1590.0,386.0
1810,1590.0,387.0
1811,1590.0,389.0
1812,1590.0,390.0
1813,1590.0,392.0
1814,1590.0,394.0
1815,1590.0,395.0
1816,1590.0,397.0
1817,1590.0,399.0
1818,1590.0,401.0
1819,1590.0,402.0
1820,1590.0,404.0
1821,1590.0,407.0
1822,1590.0,409.0
1823,1590.0,411.0
1824,1590.0,413.0
1825,1590.0,414.0
1826,1590.0,416.0
1827,1590.0,418.0
1828,1590.0,420.0
1829,1590.0,421.0
1830,1590.0,423.0
1831,1590.0,425.0
1832,1590.0,427.0
1833,1590.0,429.0
1834,1590.0,430.0
1835,1590.0,432.0
1836,1590.0,434.0
1837,1590.0,436.0
1838,1590.0,438.0
1839,1590.0,440.0
1840,1590.0,441.0
1841,1590.0,443.0
1842,1590.0,445.0
1843,1590.0,447.0
1844,1590.0,449.0
1845,1590.0,451.0
1846,1590.0,453.0
1847,1590.0,454.0
1848,1590.0,456.0
1849,1590.0,458.0
1850,1590.0,460.0
1851,1590.0,462.0
1852,1590.0,464.0
1853,1590.0,466.0
1854,1590.0,468.0
1855,1590.0,470.0
1856,1590.0,472.0
1857,1590.0,474.0
1858,1590.0,476.0
1859,1590.0,478.0
1860,1590.0,480.0
1861,1590.0,481.0
1862,1590.0,483.0
1863,1590.0,485.0
1864,1590.0,487.0
1865,1590.0,489.0
1866,1590.0,491.0
1867,1590.0,493.0
1868,1590.0,495.0
1869,1590.0,497.0
1870,1590.0,499.0
1871,1590.0,502.0
1872,1590.0,504.0
1873,1590.0,506.0
1874,1590.0,508.0
1875,1590.0,510.0
1876,1590.0,514.0
1877,1590.0,516.0
1878,1590.0,518.0
1879,1590.0,524.0
1880,1590.0,526.0
1881,1590.0,528.0
1882,1590.0,530.0
1883,1590.0,533.0
1884,1590.0,535.0
1885,1590.0,537.0
1886,1590.0,539.0
1887,1590.0,543.0
1888,1590.0,545.0
1889,1590.0,548.0
1890,1590.0,550.0
1891,1590.0,552.0
1892,1589.90262862,554.0
1893,1589.75657156,556.0